event_id,year,event,filename,image_type,description,source,source_url,creator,date,license,attribution_required,quality,historical_authenticity,recommended_use,notes,folder,zip_contents,zip_path,download_url,license_status,public_domain,confidence,dimensions,source_file_title,download_status
E01,1947,Pakistan Is Born,1947_jinnah_constituent_assembly_14aug1947.jpg,A — HERO,"Jinnah replies to Mountbatten's address, Constituent Assembly, Karachi, 14 Aug 1947. Low-res but the defining image of the day.",Wikimedia Commons — original source: National Archives of Pakistan - Picture Gallery,https://commons.wikimedia.org/wiki/File:Jinnah_speaking_on_14_August_1947.jpg,Unknown,1947-08-14,Public domain,Recommended,LOW / HISTORICALLY IMPORTANT,ORIGINAL HISTORICAL PHOTOGRAPH,Hero image — full-bleed cinematic section,,research/1947_birth,"PREVIEW ONLY (low-res browser screen capture, ~190 px) — full-resolution file NOT included; open download_url or source_url to save it",research/1947_birth/previews/1947_jinnah_constituent_assembly_14aug1947__PREVIEW_lowres.jpg,https://commons.wikimedia.org/wiki/Special:FilePath/Jinnah_speaking_on_14_August_1947.jpg,LIKELY CLEAR (PD by age in Pakistan),Stated public domain on source page (verify where marked),High,420x300,Jinnah speaking on 14 August 1947.jpg,NOT DOWNLOADED — Wikimedia blocked by this session's network policy
E01,1947,Pakistan Is Born,1947_jinnah_all_india_radio_3jun1947.jpg,B — ARCHIVE,3 June 1947 broadcast accepting the partition plan.,Wikimedia Commons — original source: Columbia University (Pritchett) partition page; original paknews.com (dead link),https://commons.wikimedia.org/wiki/File:Jinnah_announces_the_creation_of_Pakistan_over_All_India_Radio.jpg,Unknown,1947-06-03,Public domain,Recommended,LOW / HISTORICALLY IMPORTANT,ORIGINAL HISTORICAL PHOTOGRAPH,Supporting archive image / source drawer,,research/1947_birth,"PREVIEW ONLY (low-res browser screen capture, ~190 px) — full-resolution file NOT included; open download_url or source_url to save it",research/1947_birth/previews/1947_jinnah_all_india_radio_3jun1947__PREVIEW_lowres.jpg,https://commons.wikimedia.org/wiki/Special:FilePath/Jinnah_announces_the_creation_of_Pakistan_over_All_India_Radio.jpg,LIKELY CLEAR (PD by age),Stated public domain on source page (verify where marked),High,800x480,Jinnah announces the creation of Pakistan over All India Radio.jpg,NOT DOWNLOADED — Wikimedia blocked by this session's network policy
E01,1947,Pakistan Is Born,1947_jinnah_governor_general_chair_1947.jpg,B — ARCHIVE,Very small file; only use as inset.,Wikimedia Commons — original source: Old Pakistan Album,https://commons.wikimedia.org/wiki/File:Muhammad_Ali_Jinnah_sitting_on_the_Chair_of_Governer_General_wearing_a_Sherwani.jpg,Unknown ('Old Pakistan Album'),1947-08-14,Public domain,Recommended,LOW / HISTORICALLY IMPORTANT,ORIGINAL HISTORICAL PHOTOGRAPH,Supporting archive image / source drawer,,research/1947_birth,"PREVIEW ONLY (low-res browser screen capture, ~190 px) — full-resolution file NOT included; open download_url or source_url to save it",research/1947_birth/previews/1947_jinnah_governor_general_chair_1947__PREVIEW_lowres.jpg,https://commons.wikimedia.org/wiki/Special:FilePath/Muhammad_Ali_Jinnah_sitting_on_the_Chair_of_Governer_General_wearing_a_Sherwani.jpg,LIKELY CLEAR (PD by age),Stated public domain on source page (verify where marked),Medium,315x180,Muhammad Ali Jinnah sitting on the Chair of Governer General wearing a Sherwani.jpg,NOT DOWNLOADED — Wikimedia blocked by this session's network policy
E01,1947,Pakistan Is Born,1947_mountbatten_lahore_20jul1947_a.jpg,B — ARCHIVE,"Lord Mountbatten in Lahore, 20 July 1947 (weeks before Partition).",Internet Archive — PROPIX item 26898826823,Internet Archive — PROPIX item 26898826823,"Photo Division, Govt of India",1947-07-20,CC0 mark (PD by age),No (credit recommended),see file,ORIGINAL HISTORICAL PHOTOGRAPH,Supporting archive image / source drawer,Already on disk from an earlier session (MEDIA/ASSETS/free); copied into this folder.,research/1947_birth,"FULL FILE (original resolution, from project MEDIA/ASSETS/free)",research/1947_birth/1947_mountbatten_lahore_20jul1947_a.jpg,,CLEAR,Yes (PD by age; CC0 mark),High,,IA_PROPIX_26898826823.jpg,INCLUDED IN ZIP (full file)
E01,1947,Pakistan Is Born,1947_mountbatten_lahore_20jul1947_b.jpg,B — ARCHIVE,"Lord Mountbatten in Lahore, 20 July 1947.",Internet Archive — PROPIX item 27472250326,Internet Archive — PROPIX item 27472250326,"Photo Division, Govt of India",1947-07-20,CC0 mark (PD by age),No (credit recommended),see file,ORIGINAL HISTORICAL PHOTOGRAPH,Supporting archive image / source drawer,Already on disk from an earlier session (MEDIA/ASSETS/free); copied into this folder.,research/1947_birth,"FULL FILE (original resolution, from project MEDIA/ASSETS/free)",research/1947_birth/1947_mountbatten_lahore_20jul1947_b.jpg,,CLEAR,Yes (PD by age; CC0 mark),High,,IA_PROPIX_27472250326.jpg,INCLUDED IN ZIP (full file)
E01,1947,Pakistan Is Born,1947_mountbatten_leaders_partition_plan_1947.jpg,B — ARCHIVE,June 1947 leaders' conference.,Wikimedia Commons — original source: topyaps.com listicle (weak provenance),https://commons.wikimedia.org/wiki/File:Lord_Mountbatten_meets_Nehru%2C_Jinnah_and_other_Leaders_to_plan_Partition_of_India.jpg,Unknown,1947,Public domain,Recommended,LOW / HISTORICALLY IMPORTANT,ORIGINAL HISTORICAL PHOTOGRAPH,Supporting archive image / source drawer,Commons source is a listicle site; find the archive original (likely Photo Division GoI / IWM) before publishing.,research/1947_birth,"PREVIEW ONLY (low-res browser screen capture, ~190 px) — full-resolution file NOT included; open download_url or source_url to save it",research/1947_birth/previews/1947_mountbatten_leaders_partition_plan_1947__PREVIEW_lowres.jpg,https://commons.wikimedia.org/wiki/Special:FilePath/Lord_Mountbatten_meets_Nehru%2C_Jinnah_and_other_Leaders_to_plan_Partition_of_India.jpg,VERIFY BEFORE PUBLIC USE,Stated public domain on source page (verify where marked),Medium,499x316,"Lord Mountbatten meets Nehru, Jinnah and other Leaders to plan Partition of India.jpg",NOT DOWNLOADED — Wikimedia blocked by this session's network policy
E01,1947,Pakistan Is Born,1947_mountbatten_meets_jinnah_1947.jpg,B — ARCHIVE,"IWM / No 9 Army Film & Photographic Unit, 1947 — Mountbattens meet Jinnah. Strong archival portrait pair.","Wikimedia Commons — original source: Imperial War Museums, IND 5302",https://commons.wikimedia.org/wiki/File:Mountbatten_Jinnah.jpg,No 9 Army Film & Photographic Unit,1947,Public domain,No (credit recommended),MEDIUM,ORIGINAL HISTORICAL PHOTOGRAPH,Supporting archive image / source drawer,,research/1947_birth,"PREVIEW ONLY (low-res browser screen capture, ~190 px) — full-resolution file NOT included; open download_url or source_url to save it",research/1947_birth/previews/1947_mountbatten_meets_jinnah_1947__PREVIEW_lowres.jpg,https://commons.wikimedia.org/wiki/Special:FilePath/Mountbatten_Jinnah.jpg,"CLEAR (IWM, Crown copyright expired)",Yes (as stated on source),High,1300x1001,Mountbatten Jinnah.jpg,NOT DOWNLOADED — Wikimedia blocked by this session's network policy
E01,1947,Pakistan Is Born,1947_mountbattens_karachi_14aug1947.jpg,B — ARCHIVE,Mountbattens in Karachi for the transfer of power. Uploaded via BBC Urdu; check provenance.,Wikimedia Commons — original source: https://www.bbc.com/urdu/pakistan-53482078,https://commons.wikimedia.org/wiki/File:Lord_Mountbatten_and_his_wife_Advena_in_Karachi_14_August_1947.jpg,BBC Urdu (as credited by uploader),1947-08-14,Public domain,Recommended,LOW / HISTORICALLY IMPORTANT,ORIGINAL HISTORICAL PHOTOGRAPH,Supporting archive image / source drawer,"Commons credits BBC Urdu, not the original photographer/archive. Date and place consistent with 14 Aug 1947 Karachi ceremony.",research/1947_birth,"PREVIEW ONLY (low-res browser screen capture, ~190 px) — full-resolution file NOT included; open download_url or source_url to save it",research/1947_birth/previews/1947_mountbattens_karachi_14aug1947__PREVIEW_lowres.jpg,https://commons.wikimedia.org/wiki/Special:FilePath/Lord_Mountbatten_and_his_wife_Advena_in_Karachi_14_August_1947.jpg,VERIFY BEFORE PUBLIC USE,Stated public domain on source page (verify where marked),Medium,800x450,Lord Mountbatten and his wife Advena in Karachi 14 August 1947.jpg,NOT DOWNLOADED — Wikimedia blocked by this session's network policy
E01,1947,Pakistan Is Born,1947_daily_herald_how_india_split_4jun1947.jpg,C — NEWSPAPER,"Daily Herald news map, 4 June 1947 (newspaper).","Wikimedia Commons — original source: Daily Herald, 4 June 1947",https://commons.wikimedia.org/wiki/File:How_India_be_split_up_%281947%29.jpg,Daily Herald (UK),1947-06-04,Public domain,Recommended,LOW / HISTORICALLY IMPORTANT,NEWSPAPER (ORIGINAL CLIPPING),Newspaper panel / headline moment,Daily Herald (UK) 4 June 1947; UK anonymous-work term likely expired — verify.,research/newspapers,"PREVIEW ONLY (low-res browser screen capture, ~190 px) — full-resolution file NOT included; open download_url or source_url to save it",research/newspapers/previews/1947_daily_herald_how_india_split_4jun1947__PREVIEW_lowres.jpg,https://commons.wikimedia.org/wiki/Special:FilePath/How_India_be_split_up_%281947%29.jpg,VERIFY BEFORE PUBLIC USE,Stated public domain on source page (verify where marked),High,602x636,How India be split up (1947).jpg,NOT DOWNLOADED — Wikimedia blocked by this session's network policy
E01,1947,Pakistan Is Born,1947_dawn_karachi_15aug1947.jpg,C — NEWSPAPER,Dawn issue of 15 Aug 1947 (via BBC Urdu). Newspaper hero candidate.,Wikimedia Commons — original source: https://www.bbc.com/urdu/pakistan-53482078,https://commons.wikimedia.org/wiki/File:Issue_of_Dawn_newspaper_published_from_Karachi_on_15th_August.jpg,"Dawn, Karachi (credited via BBC Urdu)",1947-08-15,Public domain,Recommended,LOW / HISTORICALLY IMPORTANT,"NEWSPAPER (ORIGINAL ISSUE, photographed)",Newspaper panel / headline moment,Headline 'MAY PAKISTAN PROSPER ALWAYS'. Dawn/BBC Urdu image — ask Dawn (Herald Publications) or use with credit after verification.,research/newspapers,"PREVIEW ONLY (low-res browser screen capture, ~190 px) — full-resolution file NOT included; open download_url or source_url to save it",research/newspapers/previews/1947_dawn_karachi_15aug1947__PREVIEW_lowres.jpg,https://commons.wikimedia.org/wiki/Special:FilePath/Issue_of_Dawn_newspaper_published_from_Karachi_on_15th_August.jpg,VERIFY BEFORE PUBLIC USE,Stated public domain on source page (verify where marked),High,800x595,Issue of Dawn newspaper published from Karachi on 15th August.jpg,NOT DOWNLOADED — Wikimedia blocked by this session's network policy
E01,1947,Pakistan Is Born,1947_statesman_front_page_15aug1947.png,C — NEWSPAPER,The Statesman (Calcutta) 15 Aug 1947 — Indian paper; use only as regional-press context.,Wikimedia Commons — original source: api.ning.com (weak provenance),https://commons.wikimedia.org/wiki/File:The_Statesman_front_page_15_August_1947.png,The Statesman (India),1947-08-15,Public domain,Recommended,LOW / HISTORICALLY IMPORTANT,NEWSPAPER (ORIGINAL ISSUE),Newspaper panel / headline moment,Headline 'TWO DOMINIONS ARE BORN'. Indian (Calcutta) paper; source is a social-site upload.,research/newspapers,"PREVIEW ONLY (low-res browser screen capture, ~190 px) — full-resolution file NOT included; open download_url or source_url to save it",research/newspapers/previews/1947_statesman_front_page_15aug1947__PREVIEW_lowres.jpg,https://commons.wikimedia.org/wiki/Special:FilePath/The_Statesman_front_page_15_August_1947.png,VERIFY BEFORE PUBLIC USE,Stated public domain on source page (verify where marked),Medium,794x1094,The Statesman front page 15 August 1947.png,NOT DOWNLOADED — Wikimedia blocked by this session's network policy
E01,1947,Pakistan Is Born,1947_indian_independence_act_1947.jpg,D — DOCUMENT,Act of UK Parliament creating the two dominions (OGL).,Wikimedia Commons — original source: legislation.gov.uk via Internet Archive,https://commons.wikimedia.org/wiki/File:Indian_Independence_Act_1947.djvu,Parliament of the United Kingdom,1947,OGL 3,Yes,HIGH,ORIGINAL DOCUMENT,Document panel (zoomable),,research/documents,"PREVIEW ONLY (low-res browser screen capture, ~190 px) — full-resolution file NOT included; open download_url or source_url to save it",research/documents/previews/1947_indian_independence_act_1947__PREVIEW_lowres.jpg,https://commons.wikimedia.org/wiki/Special:FilePath/Indian_Independence_Act_1947.djvu?page=1&width=2000,"CLEAR (Open Government Licence v3, attribution)","No — openly licensed, attribution required",High,3329x5670,Indian Independence Act 1947.djvu,NOT DOWNLOADED — Wikimedia blocked by this session's network policy
E01,1947,Pakistan Is Born,1947_pid_independence_series_1948.jpg,D — DOCUMENT,"Press Information Dept release cover, first anniversary 1948.","Wikimedia Commons — original source: NARA, US Embassy Karachi Classified General Records 1947-1961, UD 3064A Box 9",https://commons.wikimedia.org/wiki/File:Pakistan_PID_Release_for_Independence_Series_1948.jpg,"Government of Pakistan, Press Information Department",1948,Public domain,Recommended,LOW / HISTORICALLY IMPORTANT,ORIGINAL DOCUMENT,Document panel (zoomable),,research/documents,"PREVIEW ONLY (low-res browser screen capture, ~190 px) — full-resolution file NOT included; open download_url or source_url to save it",research/documents/previews/1947_pid_independence_series_1948__PREVIEW_lowres.jpg,https://commons.wikimedia.org/wiki/Special:FilePath/Pakistan_PID_Release_for_Independence_Series_1948.jpg,LIKELY CLEAR (Govt of Pakistan 1948; PD by age),Stated public domain on source page (verify where marked),High,361x576,Pakistan PID Release for Independence Series 1948.jpg,NOT DOWNLOADED — Wikimedia blocked by this session's network policy
E01,1947,Pakistan Is Born,1947_proposed_flags_of_pakistan_1947.jpg,D — DOCUMENT,Design proposals for the national flag.,Wikimedia Commons — original source: Instagram @historyofpak (weak provenance),https://commons.wikimedia.org/wiki/File:Proposed_Flags_of_Pakistan_%281947%29.jpg,Various,1947,CC BY-SA 2.5,Yes,LOW,COMPILATION / ILLUSTRATION of proposed designs,Document panel (zoomable),Uploaded from an Instagram account; provenance of the design set is not documented.,research/documents,"PREVIEW ONLY (low-res browser screen capture, ~190 px) — full-resolution file NOT included; open download_url or source_url to save it",research/documents/previews/1947_proposed_flags_of_pakistan_1947__PREVIEW_lowres.jpg,https://commons.wikimedia.org/wiki/Special:FilePath/Proposed_Flags_of_Pakistan_%281947%29.jpg,VERIFY BEFORE PUBLIC USE,"No — openly licensed, attribution required",Low,624x603,Proposed Flags of Pakistan (1947).jpg,NOT DOWNLOADED — Wikimedia blocked by this session's network policy
E01,1947,Pakistan Is Born,1947_independence_midnight_celebration.jpg,E — CONTEXT,Midnight independence celebration — YEAR NOT STATED on file page; UNVERIFIED as 1947.,Wikimedia Commons — original source: Own work (uploader),https://commons.wikimedia.org/wiki/File:Indep-pak.jpg,Khaum,undated,CC BY 3.0,Yes,LOW,MODERN PHOTOGRAPH (date not stated) — NOT 1947,Context / secondary layer,Candle-lit independence celebration; visual review shows a modern colour photo. UNVERIFIED — DO NOT USE AS 1947 IMAGERY. Flag-heavy.,research/1947_birth,"PREVIEW ONLY (low-res browser screen capture, ~190 px) — full-resolution file NOT included; open download_url or source_url to save it",research/1947_birth/previews/1947_independence_midnight_celebration__PREVIEW_lowres.jpg,https://commons.wikimedia.org/wiki/Special:FilePath/Indep-pak.jpg,"CLEAR (CC BY 3.0, attribution)","No — openly licensed, attribution required",Low,840x552,Indep-pak.jpg,NOT DOWNLOADED — Wikimedia blocked by this session's network policy
E01,1947,Pakistan Is Born,1947_pakistan_one_rupee_coin_1948.jpg,E — CONTEXT,First Pakistani rupee coin (1948) — state-symbol context.,Wikimedia Commons — original source: Own work,https://commons.wikimedia.org/wiki/File:Pakistani_one_rupee_coin_1948.JPG,Almazi,2012-01-25 (coin 1948),CC BY-SA 3.0,Yes,MEDIUM,MODERN PHOTOGRAPH OF 1948 OBJECT,Context / secondary layer,,research/1947_birth,"PREVIEW ONLY (low-res browser screen capture, ~190 px) — full-resolution file NOT included; open download_url or source_url to save it",research/1947_birth/previews/1947_pakistan_one_rupee_coin_1948__PREVIEW_lowres.jpg,https://commons.wikimedia.org/wiki/Special:FilePath/Pakistani_one_rupee_coin_1948.JPG,"CLEAR (CC BY-SA 3.0, attribution required)","No — openly licensed, attribution required",High,1953x1953,Pakistani one rupee coin 1948.JPG,NOT DOWNLOADED — Wikimedia blocked by this session's network policy
E01,1947,Pakistan Is Born,1947_cia_map_muslim_distribution_1941_pub1947.jpg,F — MAP,"CIA map (1947) of Muslim population share, 1941 census. Very high resolution.",Wikimedia Commons — original source: NARA via DPLA,https://commons.wikimedia.org/wiki/File:India_Distribution_of_Muslims%2C_1941_-_DPLA_-_119f08253fce2dd2b0b8499c1b1622cb.jpg,Central Intelligence Agency,1947,Public domain,No (credit recommended),HIGH,"MAP (HISTORICAL, 1947)",Map / geography layer,,research/maps,"PREVIEW ONLY (low-res browser screen capture, ~190 px) — full-resolution file NOT included; open download_url or source_url to save it",research/maps/previews/1947_cia_map_muslim_distribution_1941_pub1947__PREVIEW_lowres.jpg,https://commons.wikimedia.org/wiki/Special:FilePath/India_Distribution_of_Muslims%2C_1941_-_DPLA_-_119f08253fce2dd2b0b8499c1b1622cb.jpg?width=3000,CLEAR (US Government work),Yes (US federal government work),High,8155x7660,"India Distribution of Muslims, 1941 - DPLA - 119f08253fce2dd2b0b8499c1b1622cb.jpg",NOT DOWNLOADED — Wikimedia blocked by this session's network policy
E01,1947,Pakistan Is Born,1947_partition_of_india_1947_map.png,F — MAP,Modern explanatory map.,Wikimedia Commons — original source: Own work (derived maps),https://commons.wikimedia.org/wiki/File:Partition_of_India_1947_en.svg,Wikimedia contributor,2017-02-11,CC BY-SA 4.0,Yes,LOW,MAP (MODERN EXPLANATORY),Map / geography layer,,research/maps,"PREVIEW ONLY (low-res browser screen capture, ~190 px) — full-resolution file NOT included; open download_url or source_url to save it",research/maps/previews/1947_partition_of_india_1947_map__PREVIEW_lowres.jpg,https://commons.wikimedia.org/wiki/Special:FilePath/Partition_of_India_1947_en.svg?width=2400,"CLEAR (CC BY-SA 4.0, attribution required)","No — openly licensed, attribution required",High,1189x1170,Partition of India 1947 en.svg,NOT DOWNLOADED — Wikimedia blocked by this session's network policy
E02,1947-48,Migration & State-Building,1947_refugee_train_punjab_1947.jpg,A — HERO,"Overcrowded refugee train, Punjab 1947.",Wikimedia Commons — original source: Columbia University (Pritchett) partition trains page,https://commons.wikimedia.org/wiki/File:Partition_of_Punjab%2C_India_1947.jpg,Unknown,1947,Public domain,Recommended,LOW / HISTORICALLY IMPORTANT,ORIGINAL HISTORICAL PHOTOGRAPH,Hero image — full-bleed cinematic section,,research/1947_migration,"PREVIEW ONLY (low-res browser screen capture, ~190 px) — full-resolution file NOT included; open download_url or source_url to save it",research/1947_migration/previews/1947_refugee_train_punjab_1947__PREVIEW_lowres.jpg,https://commons.wikimedia.org/wiki/Special:FilePath/Partition_of_Punjab%2C_India_1947.jpg,LIKELY CLEAR (PD by age),Stated public domain on source page (verify where marked),High,611x404,"Partition of Punjab, India 1947.jpg",NOT DOWNLOADED — Wikimedia blocked by this session's network policy
E02,1947-48,Migration & State-Building,1947_bourke_white_men_carrying_woman_1947.jpg,B — ARCHIVE,"Margaret Bourke-White (LIFE), refugees headed to Pakistan. English-Wikipedia-local file; LIFE copyright likely.",English Wikipedia — original source: Downloaded from BBC website (2007),https://en.wikipedia.org/wiki/File:Two-men-carrying-woman1947.jpg,Margaret Bourke-White (LIFE),1947,PD-Pakistan (English Wikipedia tag),Recommended,LOW / HISTORICALLY IMPORTANT,ORIGINAL HISTORICAL PHOTOGRAPH,Supporting archive image / source drawer,Iconic but NOT safely free. Do not publish without permission. Hosted on English Wikipedia only (not Commons).,research/1947_migration,"PREVIEW ONLY (low-res browser screen capture, ~190 px) — full-resolution file NOT included; open download_url or source_url to save it",research/1947_migration/previews/1947_bourke_white_men_carrying_woman_1947__PREVIEW_lowres.jpg,https://en.wikipedia.org/wiki/Special:FilePath/Two-men-carrying-woman1947.jpg,VERIFY BEFORE PUBLIC USE — LIFE/Getty copyright likely (Margaret Bourke-White),Stated public domain on source page (verify where marked),High,387x258,Two-men-carrying-woman1947.jpg,NOT DOWNLOADED — Wikimedia blocked by this session's network policy
E02,1947-48,Migration & State-Building,1947_bourke_white_train_delhi_1947.jpg,B — ARCHIVE,"Bourke-White, train to Pakistan from Delhi. English-Wikipedia-local; LIFE copyright likely.",English Wikipedia — original source: Downloaded from BBC website (2007),https://en.wikipedia.org/wiki/File:Send-off-delhi1947.jpg,Margaret Bourke-White (LIFE),1947,PD-Pakistan (English Wikipedia tag),Recommended,LOW / HISTORICALLY IMPORTANT,ORIGINAL HISTORICAL PHOTOGRAPH,Supporting archive image / source drawer,Do not publish without permission. Hosted on English Wikipedia only (not Commons).,research/1947_migration,"PREVIEW ONLY (low-res browser screen capture, ~190 px) — full-resolution file NOT included; open download_url or source_url to save it",research/1947_migration/previews/1947_bourke_white_train_delhi_1947__PREVIEW_lowres.jpg,https://en.wikipedia.org/wiki/Special:FilePath/Send-off-delhi1947.jpg,VERIFY BEFORE PUBLIC USE — LIFE/Getty copyright likely (Margaret Bourke-White),Stated public domain on source page (verify where marked),High,387x258,Send-off-delhi1947.jpg,NOT DOWNLOADED — Wikimedia blocked by this session's network policy
E02,1947-48,Migration & State-Building,1947_kahuta_riot_affected_locality_1947.jpg,B — ARCHIVE,"Riot-affected locality, Kahuta (Rawalpindi), spring 1947 — ruined houses, no people visible. Respectful aftermath image.",Internet Archive — PROPIX item 27230144310,Internet Archive — PROPIX item 27230144310,"Photo Division, Govt of India",1947 (spring),CC0 mark (PD by age),No (credit recommended),see file,ORIGINAL HISTORICAL PHOTOGRAPH,Supporting archive image / source drawer,Already on disk from an earlier session (MEDIA/ASSETS/free); copied into this folder.,research/1947_migration,"FULL FILE (original resolution, from project MEDIA/ASSETS/free)",research/1947_migration/1947_kahuta_riot_affected_locality_1947.jpg,,CLEAR,Yes (PD by age; CC0 mark),High,,IA_PROPIX_27230144310.jpg,INCLUDED IN ZIP (full file)
E02,1947-48,Migration & State-Building,1947_muslim_refugees_humayun_tomb_1947.png,B — ARCHIVE,"Muslim refugees awaiting passage to Pakistan, Delhi 1947. Licence claim by uploader looks doubtful for a 1947 photo.",Wikimedia Commons — original source: Own work (claim doubtful for a 1947 photograph),https://commons.wikimedia.org/wiki/File:Muslim_refugees_in_the_Tomb_of_Humayun.png,Mydust (uploader),1947,CC BY-SA 4.0 (uploader claim),Yes,MEDIUM,COLORIZED HISTORICAL PHOTOGRAPH,Supporting archive image / source drawer,Colourised; uploader's 'own work' CC licence cannot apply to a 1947 photo. Find the original (likely Photo Division / LIFE).,research/1947_migration,"PREVIEW ONLY (low-res browser screen capture, ~190 px) — full-resolution file NOT included; open download_url or source_url to save it",research/1947_migration/previews/1947_muslim_refugees_humayun_tomb_1947__PREVIEW_lowres.jpg,https://commons.wikimedia.org/wiki/Special:FilePath/Muslim_refugees_in_the_Tomb_of_Humayun.png,VERIFY BEFORE PUBLIC USE,"No — openly licensed, attribution required",Medium,1466x1028,Muslim refugees in the Tomb of Humayun.png,NOT DOWNLOADED — Wikimedia blocked by this session's network policy
E02,1947-48,Migration & State-Building,1947_refugee_special_train_ambala.jpg,B — ARCHIVE,Photo Division GoI; Ambala (India side). Catalogue date 1954 is the print date — check caption.,Wikimedia Commons — original source: Photo Division GoI no. 37164,https://commons.wikimedia.org/wiki/File:A_refugee_special_train_at_Ambala_Station_during_partition_of_India.jpg,"Photo Division, Government of India",print catalogued Feb 1954,Public domain,Recommended,LOW / HISTORICALLY IMPORTANT,ORIGINAL HISTORICAL PHOTOGRAPH,Supporting archive image / source drawer,Photo Division GoI print catalogued Feb 1954; event itself is 1947. Ambala (India).,research/1947_migration,"PREVIEW ONLY (low-res browser screen capture, ~190 px) — full-resolution file NOT included; open download_url or source_url to save it",research/1947_migration/previews/1947_refugee_special_train_ambala__PREVIEW_lowres.jpg,https://commons.wikimedia.org/wiki/Special:FilePath/A_refugee_special_train_at_Ambala_Station_during_partition_of_India.jpg,LIKELY CLEAR (stated public domain; check source),Stated public domain on source page (verify where marked),High,873x576,A refugee special train at Ambala Station during partition of India.jpg,NOT DOWNLOADED — Wikimedia blocked by this session's network policy
E02,1947-48,Migration & State-Building,1947_refugee_train_punjab_1947_b.jpg,B — ARCHIVE,Second known refugee-train photo (same source as Refugeetrain1.jpg — duplicate not collected).,Wikimedia Commons — original source: namdar.net via Columbia University (Pritchett),https://commons.wikimedia.org/wiki/File:A_refugee_train%2C_Punjab%2C_1947.jpg,Unknown,1947,Public domain,Recommended,LOW / HISTORICALLY IMPORTANT,ORIGINAL HISTORICAL PHOTOGRAPH,Supporting archive image / source drawer,Image travelled via namdar.net → Columbia; original photographer unknown.,research/1947_migration,"PREVIEW ONLY (low-res browser screen capture, ~190 px) — full-resolution file NOT included; open download_url or source_url to save it",research/1947_migration/previews/1947_refugee_train_punjab_1947_b__PREVIEW_lowres.jpg,https://commons.wikimedia.org/wiki/Special:FilePath/A_refugee_train%2C_Punjab%2C_1947.jpg,LIKELY CLEAR (PD by age),Stated public domain on source page (verify where marked),Medium,500x342,"A refugee train, Punjab, 1947.jpg",NOT DOWNLOADED — Wikimedia blocked by this session's network policy
E02,1947-48,Migration & State-Building,1947_refugees_west_punjab_dik_kingsway_1947.jpg,B — ARCHIVE,"Photo Division GoI, 27 Sep 1947: refugees from West Punjab at Kingsway Camp, Delhi (opposite flow — caption carefully).",Wikimedia Commons — original source: Photo Division GoI id 994,https://commons.wikimedia.org/wiki/File:Refugees_from_West_Punjab_and_Dera_Ismail_Khan.jpg,"Photo Division, Govt. of India",1947-09-27,Public domain,No (credit recommended),MEDIUM,ORIGINAL HISTORICAL PHOTOGRAPH,Supporting archive image / source drawer,,research/1947_migration,"PREVIEW ONLY (low-res browser screen capture, ~190 px) — full-resolution file NOT included; open download_url or source_url to save it",research/1947_migration/previews/1947_refugees_west_punjab_dik_kingsway_1947__PREVIEW_lowres.jpg,https://commons.wikimedia.org/wiki/Special:FilePath/Refugees_from_West_Punjab_and_Dera_Ismail_Khan.jpg,"CLEAR (Photo Division GoI, PD by age)",Yes (as stated on source),High,1472x1467,Refugees from West Punjab and Dera Ismail Khan.jpg,NOT DOWNLOADED — Wikimedia blocked by this session's network policy
E02,1947-48,Migration & State-Building,1947_civil_military_gazette_rpaf_23mar1948.jpg,C — NEWSPAPER,"Civil & Military Gazette (Lahore), 23 March 1948 — early state pageantry.",Wikimedia Commons — original source: Civil and Military Gazette,https://commons.wikimedia.org/wiki/File:Spectacular_Stunt_Flying_by_RPAF_pilots.jpg,"The Civil and Military Gazette, Lahore",1948-03-23,Public domain,Recommended,LOW / HISTORICALLY IMPORTANT,NEWSPAPER (ORIGINAL CLIPPING),Newspaper panel / headline moment,,research/newspapers,"PREVIEW ONLY (low-res browser screen capture, ~190 px) — full-resolution file NOT included; open download_url or source_url to save it",research/newspapers/previews/1947_civil_military_gazette_rpaf_23mar1948__PREVIEW_lowres.jpg,https://commons.wikimedia.org/wiki/Special:FilePath/Spectacular_Stunt_Flying_by_RPAF_pilots.jpg,LIKELY CLEAR (PD by age),Stated public domain on source page (verify where marked),High,430x832,Spectacular Stunt Flying by RPAF pilots.jpg,NOT DOWNLOADED — Wikimedia blocked by this session's network policy
E02,1947-48,Migration & State-Building,1947_manchester_guardian_purana_qila_1947.jpg,C — NEWSPAPER,"Manchester Guardian, 27 Sep 1947: Muslims at Purana Qila awaiting evacuation to Pakistan. English-Wikipedia-local.","English Wikipedia — original source: Scan of Manchester Guardian, 27 Sep 1947",https://en.wikipedia.org/wiki/File:Manchester_guardian_purana-qila1947.jpg,Manchester Guardian,1947-09-27,PD-Pakistan (English Wikipedia tag),Recommended,LOW / HISTORICALLY IMPORTANT,NEWSPAPER (ORIGINAL CLIPPING),Newspaper panel / headline moment,English-Wikipedia-local scan; Guardian copyright position unclear. Hosted on English Wikipedia only (not Commons).,research/newspapers,"PREVIEW ONLY (low-res browser screen capture, ~190 px) — full-resolution file NOT included; open download_url or source_url to save it",research/newspapers/previews/1947_manchester_guardian_purana_qila_1947__PREVIEW_lowres.jpg,https://en.wikipedia.org/wiki/Special:FilePath/Manchester_guardian_purana-qila1947.jpg,VERIFY BEFORE PUBLIC USE,Stated public domain on source page (verify where marked),High,271x368,Manchester guardian purana-qila1947.jpg,NOT DOWNLOADED — Wikimedia blocked by this session's network policy
E02,1947-48,Migration & State-Building,1947_army_museum_migrant_train_diorama.jpg,E — CONTEXT,Army Museum Lahore diorama. RECONSTRUCTION — NOT AN ORIGINAL HISTORICAL PHOTOGRAPH.,Wikimedia Commons — original source: Own work,https://commons.wikimedia.org/wiki/File:Scene_of_Migrants_Train_for_Pakistan_%28Army_Museum%2C_Lahore%29.jpg,Muhammad Umair Mirza,2019-08-31,CC BY-SA 4.0,Yes,HIGH,RECONSTRUCTION — NOT AN ORIGINAL HISTORICAL PHOTOGRAPH (museum diorama),Context / secondary layer,,research/1947_migration,"PREVIEW ONLY (low-res browser screen capture, ~190 px) — full-resolution file NOT included; open download_url or source_url to save it",research/1947_migration/previews/1947_army_museum_migrant_train_diorama__PREVIEW_lowres.jpg,https://commons.wikimedia.org/wiki/Special:FilePath/Scene_of_Migrants_Train_for_Pakistan_%28Army_Museum%2C_Lahore%29.jpg?width=3000,"CLEAR (CC BY-SA 4.0, attribution required)","No — openly licensed, attribution required",High,4128x3096,"Scene of Migrants Train for Pakistan (Army Museum, Lahore).jpg",NOT DOWNLOADED — Wikimedia blocked by this session's network policy
E02,1947-48,Migration & State-Building,1947_couple_migrating_with_cattle.jpg,E — CONTEXT,Wiki Loves Monuments upload — likely a museum diorama/sculpture. RECONSTRUCTION — NOT AN ORIGINAL HISTORICAL PHOTOGRAPH until checked.,Wikimedia Commons — original source: Own work (Wiki Loves Monuments),https://commons.wikimedia.org/wiki/File:A_couple_migrating_from_India_To_Pakistan_with_their_household_stuff_and_cattle_during_Partition.JPG,Doc mariam,2012-07-09,CC BY-SA 4.0,Yes,HIGH,RECONSTRUCTION — NOT AN ORIGINAL HISTORICAL PHOTOGRAPH (museum diorama),Context / secondary layer,,research/1947_migration,"PREVIEW ONLY (low-res browser screen capture, ~190 px) — full-resolution file NOT included; open download_url or source_url to save it",research/1947_migration/previews/1947_couple_migrating_with_cattle__PREVIEW_lowres.jpg,https://commons.wikimedia.org/wiki/Special:FilePath/A_couple_migrating_from_India_To_Pakistan_with_their_household_stuff_and_cattle_during_Partition.JPG,"CLEAR (CC BY-SA 4.0, attribution required)","No — openly licensed, attribution required",High,2623x2432,A couple migrating from India To Pakistan with their household stuff and cattle during Partition.JPG,NOT DOWNLOADED — Wikimedia blocked by this session's network policy
E02,1947-48,Migration & State-Building,1947_karachi_1930_elphinstone_street.jpg,E — CONTEXT,Pre-partition Karachi postcard c.1930 — the capital the new state inherited.,Wikimedia Commons — original source: harappa.com,https://commons.wikimedia.org/wiki/File:Karachi04c.jpg,Unknown (postcard),c.1930,Public domain,Recommended,LOW / HISTORICALLY IMPORTANT,ORIGINAL HISTORICAL PHOTOGRAPH (postcard c.1930),Context / secondary layer,,research/1947_migration,"PREVIEW ONLY (low-res browser screen capture, ~190 px) — full-resolution file NOT included; open download_url or source_url to save it",research/1947_migration/previews/1947_karachi_1930_elphinstone_street__PREVIEW_lowres.jpg,https://commons.wikimedia.org/wiki/Special:FilePath/Karachi04c.jpg,LIKELY CLEAR (PD by age),Stated public domain on source page (verify where marked),Medium,400x300,Karachi04c.jpg,NOT DOWNLOADED — Wikimedia blocked by this session's network policy
E02,1947-48,Migration & State-Building,1947_kingsway_camp_children_meals_1947.jpg,E — CONTEXT,"Refugee camp life, Delhi 1947 (India side) — humanitarian context.",Wikimedia Commons — original source: Photo Division GoI id 999,https://commons.wikimedia.org/wiki/File:Children_having_meals_at_Kingsway_Camp.jpg,"Photo Division, Govt. of India",1947-09-27,Public domain,No (credit recommended),MEDIUM,ORIGINAL HISTORICAL PHOTOGRAPH,Context / secondary layer,,research/1947_migration,"PREVIEW ONLY (low-res browser screen capture, ~190 px) — full-resolution file NOT included; open download_url or source_url to save it",research/1947_migration/previews/1947_kingsway_camp_children_meals_1947__PREVIEW_lowres.jpg,https://commons.wikimedia.org/wiki/Special:FilePath/Children_having_meals_at_Kingsway_Camp.jpg,"CLEAR (Photo Division GoI, PD by age)",Yes (as stated on source),High,1218x1128,Children having meals at Kingsway Camp.jpg,NOT DOWNLOADED — Wikimedia blocked by this session's network policy
E02,1947-48,Migration & State-Building,1947_kingsway_camp_women_knitting_1947.jpg,E — CONTEXT,"Refugee self-help, Sept 1947 (India side).",Wikimedia Commons — original source: Photo Division GoI,https://commons.wikimedia.org/wiki/File:Women_refugees_at_the_kingsway_camp_busy_in_sewing_and_knitting%2C_September_1947.jpg,"Photo Division, Ministry of I&B, Government of India",1947-09,Public domain,No (credit recommended),LOW / HISTORICALLY IMPORTANT,ORIGINAL HISTORICAL PHOTOGRAPH,Context / secondary layer,,research/1947_migration,"PREVIEW ONLY (low-res browser screen capture, ~190 px) — full-resolution file NOT included; open download_url or source_url to save it",research/1947_migration/previews/1947_kingsway_camp_women_knitting_1947__PREVIEW_lowres.jpg,https://commons.wikimedia.org/wiki/Special:FilePath/Women_refugees_at_the_kingsway_camp_busy_in_sewing_and_knitting%2C_September_1947.jpg,"CLEAR (Photo Division GoI, PD by age)",Yes (as stated on source),High,735x744,"Women refugees at the kingsway camp busy in sewing and knitting, September 1947.jpg",NOT DOWNLOADED — Wikimedia blocked by this session's network policy
E02,1947-48,Migration & State-Building,1947_pakistan_khyber_pass_stamps_1948.jpg,E — CONTEXT,First definitive stamps (1948). English-Wikipedia-local.,English Wikipedia — original source: Scan by uploader,https://en.wikipedia.org/wiki/File:Pakistan_Khyber_Pass_stamps.jpg,Pakistan Post,1948,PD-Pakistan (English Wikipedia tag),Recommended,LOW / HISTORICALLY IMPORTANT,"ORIGINAL OBJECT (stamps, 1948)",Context / secondary layer,Hosted on English Wikipedia only (not Commons).,research/1947_migration,"PREVIEW ONLY (low-res browser screen capture, ~190 px) — full-resolution file NOT included; open download_url or source_url to save it",research/1947_migration/previews/1947_pakistan_khyber_pass_stamps_1948__PREVIEW_lowres.jpg,https://en.wikipedia.org/wiki/Special:FilePath/Pakistan_Khyber_Pass_stamps.jpg,"LIKELY CLEAR (PD-Pakistan, en.wikipedia)",Stated public domain on source page (verify where marked),High,292x342,Pakistan Khyber Pass stamps.jpg,NOT DOWNLOADED — Wikimedia blocked by this session's network policy
E02,1947-48,Migration & State-Building,1947_fo_map_punjab_partition_boundaries_1948.jpg,F — MAP,UK Foreign Office map of notional vs Radcliffe boundary.,"Wikimedia Commons — original source: Mansergh, Transfer of Power vol. 12 (1983)",https://commons.wikimedia.org/wiki/File:Map_of_the_partition_boundaries_in_the_Punjab%2C_Research_Dept.%2C_F.O.%2C_September%2C_1948.jpg,"Research Dept., Foreign Office (UK)",1948-09,Public domain,No (credit recommended),HIGH,"MAP (HISTORICAL, 1948)",Map / geography layer,,research/maps,"PREVIEW ONLY (low-res browser screen capture, ~190 px) — full-resolution file NOT included; open download_url or source_url to save it",research/maps/previews/1947_fo_map_punjab_partition_boundaries_1948__PREVIEW_lowres.jpg,https://commons.wikimedia.org/wiki/Special:FilePath/Map_of_the_partition_boundaries_in_the_Punjab%2C_Research_Dept.%2C_F.O.%2C_September%2C_1948.jpg?width=3000,CLEAR (UK Crown copyright expired),Yes (as stated on source),High,4503x3340,"Map of the partition boundaries in the Punjab, Research Dept., F.O., September, 1948.jpg",NOT DOWNLOADED — Wikimedia blocked by this session's network policy
E02,1947-48,Migration & State-Building,1947_punjab_doabs_map.jpg,F — MAP,Explanatory map of Punjab doabs (after Spate 1947).,Wikimedia Commons — original source: Own work after Spate (1947),https://commons.wikimedia.org/wiki/File:Punjabdoabs1.jpg,Fowler&fowler,2009-02-04,CC BY-SA 3.0,Yes,MEDIUM,MAP (MODERN EXPLANATORY),Map / geography layer,,research/maps,"PREVIEW ONLY (low-res browser screen capture, ~190 px) — full-resolution file NOT included; open download_url or source_url to save it",research/maps/previews/1947_punjab_doabs_map__PREVIEW_lowres.jpg,https://commons.wikimedia.org/wiki/Special:FilePath/Punjabdoabs1.jpg,"CLEAR (CC BY-SA 3.0, attribution required)","No — openly licensed, attribution required",High,1583x1135,Punjabdoabs1.jpg,NOT DOWNLOADED — Wikimedia blocked by this session's network policy
E02,1947-48,Migration & State-Building,1947_survey_of_pakistan_punjab_notional_boundary_3jun1947.jpg,F — MAP,"Survey map, 3 June 1947.",Wikimedia Commons — original source: Panjab Digital Library,https://commons.wikimedia.org/wiki/File:Map_of_the_partition_plan_for_Punjab%2C_showing_notional_boundary%2C_Survey_of_Pakistan_office%2C_Rawalpindi%2C_3_June_1947.jpg,"Survey of Pakistan office, Rawalpindi",1947-06-03,Public domain,Recommended,HIGH,"MAP (HISTORICAL, 1947)",Map / geography layer,,research/maps,"PREVIEW ONLY (low-res browser screen capture, ~190 px) — full-resolution file NOT included; open download_url or source_url to save it",research/maps/previews/1947_survey_of_pakistan_punjab_notional_boundary_3jun1947__PREVIEW_lowres.jpg,https://commons.wikimedia.org/wiki/Special:FilePath/Map_of_the_partition_plan_for_Punjab%2C_showing_notional_boundary%2C_Survey_of_Pakistan_office%2C_Rawalpindi%2C_3_June_1947.jpg?width=3000,LIKELY CLEAR (PD by age),Stated public domain on source page (verify where marked),High,3600x2788,"Map of the partition plan for Punjab, showing notional boundary, Survey of Pakistan office, Rawalpindi, 3 June 1947.jpg",NOT DOWNLOADED — Wikimedia blocked by this session's network policy
E03,1948,Death of Muhammad Ali Jinnah,1948_jinnah_portrait_ministry_info.jpg,A — HERO,Classic official portrait (Ministry of Information & Broadcasting).,Wikimedia Commons — original source: Album of photographs published by Ministry of I&B,https://commons.wikimedia.org/wiki/File:Quaid-e-Azam_Jinnah.jpg,"Ministry of Information & Broadcasting, Government of Pakistan",before 1948,Public domain,Recommended,MEDIUM,ORIGINAL HISTORICAL PHOTOGRAPH,Hero image — full-bleed cinematic section,,research/1948_jinnah,"PREVIEW ONLY (low-res browser screen capture, ~190 px) — full-resolution file NOT included; open download_url or source_url to save it",research/1948_jinnah/previews/1948_jinnah_portrait_ministry_info__PREVIEW_lowres.jpg,https://commons.wikimedia.org/wiki/Special:FilePath/Quaid-e-Azam_Jinnah.jpg,"LIKELY CLEAR (Govt of Pakistan, PD by age)",Stated public domain on source page (verify where marked),High,1400x1770,Quaid-e-Azam Jinnah.jpg,NOT DOWNLOADED — Wikimedia blocked by this session's network policy
E03,1948,Death of Muhammad Ali Jinnah,1948_jakarta_mosque_prayers_for_jinnah_1948.jpg,B — ARCHIVE,"Tropenmuseum: prayer service in Jakarta for Jinnah, 14 Sep 1948 — international mourning.",Wikimedia Commons — original source: Wereldmuseum Amsterdam (Tropenmuseum) TM-10001269,https://commons.wikimedia.org/wiki/File:COLLECTIE_TROPENMUSEUM_Bidstond_in_de_Kwitang_moskee_te_Jakarta_naar_aanleiding_van_het_overlijden_van_Mohammed_Ali_Jinnah_de_eerste_gouverneur_van_Pakistan_%2814_september_1948%29_TMnr_10001269.jpg,Unknown,1948-09-14,CC BY-SA 3.0,Yes,LOW / HISTORICALLY IMPORTANT,ORIGINAL HISTORICAL PHOTOGRAPH,Supporting archive image / source drawer,,research/1948_jinnah,"PREVIEW ONLY (low-res browser screen capture, ~190 px) — full-resolution file NOT included; open download_url or source_url to save it",research/1948_jinnah/previews/1948_jakarta_mosque_prayers_for_jinnah_1948__PREVIEW_lowres.jpg,https://commons.wikimedia.org/wiki/Special:FilePath/COLLECTIE_TROPENMUSEUM_Bidstond_in_de_Kwitang_moskee_te_Jakarta_naar_aanleiding_van_het_overlijden_van_Mohammed_Ali_Jinnah_de_eerste_gouverneur_van_Pakistan_%2814_september_1948%29_TMnr_10001269.jpg,"CLEAR (CC BY-SA 3.0, Tropenmuseum)","No — openly licensed, attribution required",High,700x482,COLLECTIE TROPENMUSEUM Bidstond in de Kwitang moskee te Jakarta naar aanleiding van het overlijden van Mohammed Ali Jinnah de eerste gouverneur van Pakistan (14 september 1948) TMnr 10001269.jpg,NOT DOWNLOADED — Wikimedia blocked by this session's network policy
E03,1948,Death of Muhammad Ali Jinnah,1948_jinnah_1945_portrait.jpg,B — ARCHIVE,"Jinnah, 1945.","Wikimedia Commons — original source: Saiyid, 'Muhammad Ali Jinnah: A Political Study' (Lahore)",https://commons.wikimedia.org/wiki/File:Jinnah1945a.jpg,Photographer not known,1945,Public domain,Recommended,MEDIUM,ORIGINAL HISTORICAL PHOTOGRAPH,Supporting archive image / source drawer,,research/1948_jinnah,"PREVIEW ONLY (low-res browser screen capture, ~190 px) — full-resolution file NOT included; open download_url or source_url to save it",research/1948_jinnah/previews/1948_jinnah_1945_portrait__PREVIEW_lowres.jpg,https://commons.wikimedia.org/wiki/Special:FilePath/Jinnah1945a.jpg,LIKELY CLEAR (PD by age),Stated public domain on source page (verify where marked),High,835x1276,Jinnah1945a.jpg,NOT DOWNLOADED — Wikimedia blocked by this session's network policy
E03,1948,Death of Muhammad Ali Jinnah,1948_jinnah_dhaka_mar1948.jpg,B — ARCHIVE,"Jinnah in Dhaka, 20 March 1948 — one of his last public tours.",Wikimedia Commons — original source: 'DHAKA MARCH 1948',https://commons.wikimedia.org/wiki/File:Jinnah_Dhaka_1948.jpg,Unknown,1948-03-20,Public domain,Recommended,MEDIUM,ORIGINAL HISTORICAL PHOTOGRAPH,Supporting archive image / source drawer,,research/1948_jinnah,"PREVIEW ONLY (low-res browser screen capture, ~190 px) — full-resolution file NOT included; open download_url or source_url to save it",research/1948_jinnah/previews/1948_jinnah_dhaka_mar1948__PREVIEW_lowres.jpg,https://commons.wikimedia.org/wiki/Special:FilePath/Jinnah_Dhaka_1948.jpg,LIKELY CLEAR (PD by age),Stated public domain on source page (verify where marked),High,1400x1778,Jinnah Dhaka 1948.jpg,NOT DOWNLOADED — Wikimedia blocked by this session's network policy
E03,1948,Death of Muhammad Ali Jinnah,1948_jinnah_funeral_dina_wadia_12sep1948.jpg,B — ARCHIVE,"Dina Wadia at her father's funeral, Karachi, Sept 1948 — documentary funeral image.",Wikimedia Commons — original source: Dawn newspaper,https://commons.wikimedia.org/wiki/File:DinaWadiaatherfathersfuneral.jpg,Unknown,1948-09-12,Public domain,Recommended,MEDIUM,ORIGINAL HISTORICAL PHOTOGRAPH,Supporting archive image / source drawer,"Grieving family at the funeral — dignified, not graphic.",research/1948_jinnah,"PREVIEW ONLY (low-res browser screen capture, ~190 px) — full-resolution file NOT included; open download_url or source_url to save it",research/1948_jinnah/previews/1948_jinnah_funeral_dina_wadia_12sep1948__PREVIEW_lowres.jpg,https://commons.wikimedia.org/wiki/Special:FilePath/DinaWadiaatherfathersfuneral.jpg,LIKELY CLEAR (PD by age; credited Dawn),Stated public domain on source page (verify where marked),High,1500x900,DinaWadiaatherfathersfuneral.jpg,NOT DOWNLOADED — Wikimedia blocked by this session's network policy
E03,1948,Death of Muhammad Ali Jinnah,1948_jinnah_lands_lahore_1948.png,B — ARCHIVE,"Jinnah and Fatima Jinnah at Lahore, 1948.",Wikimedia Commons — original source: Uploader (no primary source),https://commons.wikimedia.org/wiki/File:Jinnah_lands_at_Lahore_airport.png,Unknown,1948,Public domain,Recommended,LOW / HISTORICALLY IMPORTANT,COLORIZED HISTORICAL PHOTOGRAPH,Supporting archive image / source drawer,Colourised version; source the black-and-white original if possible.,research/1948_jinnah,"PREVIEW ONLY (low-res browser screen capture, ~190 px) — full-resolution file NOT included; open download_url or source_url to save it",research/1948_jinnah/previews/1948_jinnah_lands_lahore_1948__PREVIEW_lowres.jpg,https://commons.wikimedia.org/wiki/Special:FilePath/Jinnah_lands_at_Lahore_airport.png,LIKELY CLEAR (PD by age),Stated public domain on source page (verify where marked),Medium,602x460,Jinnah lands at Lahore airport.png,NOT DOWNLOADED — Wikimedia blocked by this session's network policy
E03,1948,Death of Muhammad Ali Jinnah,1948_jinnah_passport_1946.jpg,D — DOCUMENT,"Jinnah's passport, 1946 (personal document).",Wikimedia Commons — original source: nap.gov.pk (image no longer found),https://commons.wikimedia.org/wiki/File:Quaid_passport_burhan.jpg,Government of Pakistan,1946-11-28,Public domain,Recommended,LOW / HISTORICALLY IMPORTANT,ORIGINAL DOCUMENT,Document panel (zoomable),,research/documents,"PREVIEW ONLY (low-res browser screen capture, ~190 px) — full-resolution file NOT included; open download_url or source_url to save it",research/documents/previews/1948_jinnah_passport_1946__PREVIEW_lowres.jpg,https://commons.wikimedia.org/wiki/Special:FilePath/Quaid_passport_burhan.jpg,LIKELY CLEAR (PD by age),Stated public domain on source page (verify where marked),Medium,982x361,Quaid passport burhan.jpg,NOT DOWNLOADED — Wikimedia blocked by this session's network policy
E03,1948,Death of Muhammad Ali Jinnah,1948_jinnah_grave_crypt.jpg,E — CONTEXT,Grave in the crypt of the Mazar.,Wikimedia Commons — original source: Flickr,https://commons.wikimedia.org/wiki/File:Celebrating_Pakistan_Day%3B_Remembering_the_Founder_%288582495894%29.jpg,Muhammad Imran Saeed,2013-01-09,CC BY 2.0,Yes,HIGH,DOCUMENTARY PHOTOGRAPH,Context / secondary layer,,research/1948_jinnah,"PREVIEW ONLY (low-res browser screen capture, ~190 px) — full-resolution file NOT included; open download_url or source_url to save it",research/1948_jinnah/previews/1948_jinnah_grave_crypt__PREVIEW_lowres.jpg,https://commons.wikimedia.org/wiki/Special:FilePath/Celebrating_Pakistan_Day%3B_Remembering_the_Founder_%288582495894%29.jpg,"CLEAR (CC BY 2.0, attribution required)","No — openly licensed, attribution required",High,2592x1944,Celebrating Pakistan Day; Remembering the Founder (8582495894).jpg,NOT DOWNLOADED — Wikimedia blocked by this session's network policy
E03,1948,Death of Muhammad Ali Jinnah,1948_mazar_e_quaid_distance.jpg,E — CONTEXT,Mausoleum in its setting.,Wikimedia Commons — original source: Own work,https://commons.wikimedia.org/wiki/File:Mazar-e-Quaid_from_a_distance.jpg,King Eliot,2022-08-24,CC BY-SA 4.0,Yes,MEDIUM,DOCUMENTARY PHOTOGRAPH,Context / secondary layer,,research/1948_jinnah,"PREVIEW ONLY (low-res browser screen capture, ~190 px) — full-resolution file NOT included; open download_url or source_url to save it",research/1948_jinnah/previews/1948_mazar_e_quaid_distance__PREVIEW_lowres.jpg,https://commons.wikimedia.org/wiki/Special:FilePath/Mazar-e-Quaid_from_a_distance.jpg,"CLEAR (CC BY-SA 4.0, attribution required)","No — openly licensed, attribution required",High,2261x1701,Mazar-e-Quaid from a distance.jpg,NOT DOWNLOADED — Wikimedia blocked by this session's network policy
E03,1948,Death of Muhammad Ali Jinnah,1948_mazar_e_quaid_savin_2020.jpg,E — CONTEXT,"Mazar-e-Quaid, Karachi (FAL).",Wikimedia Commons — original source: Own work,https://commons.wikimedia.org/wiki/File:PK_Karachi_asv2020-02_img52_Mazar-e-Quaid.jpg,A.Savin,2020-02-02,FAL,Yes,HIGH,DOCUMENTARY PHOTOGRAPH,Context / secondary layer,,research/1948_jinnah,"PREVIEW ONLY (low-res browser screen capture, ~190 px) — full-resolution file NOT included; open download_url or source_url to save it",research/1948_jinnah/previews/1948_mazar_e_quaid_savin_2020__PREVIEW_lowres.jpg,https://commons.wikimedia.org/wiki/Special:FilePath/PK_Karachi_asv2020-02_img52_Mazar-e-Quaid.jpg?width=3000,"CLEAR (FAL, attribution required)","No — openly licensed, attribution required",High,5176x5176,PK Karachi asv2020-02 img52 Mazar-e-Quaid.jpg,NOT DOWNLOADED — Wikimedia blocked by this session's network policy
E03,1948,Death of Muhammad Ali Jinnah,1948_ziarat_residency.jpg,E — CONTEXT,Where Jinnah spent his final weeks.,Wikimedia Commons — original source: Own work,https://commons.wikimedia.org/wiki/File:Quaid_e_Azam_Residency%2C_Ziarat%2CPakistan.jpg,SpidErxD,2003-09-26,CC BY-SA 3.0,Yes,LOW,DOCUMENTARY PHOTOGRAPH,Context / secondary layer,,research/1948_jinnah,"PREVIEW ONLY (low-res browser screen capture, ~190 px) — full-resolution file NOT included; open download_url or source_url to save it",research/1948_jinnah/previews/1948_ziarat_residency__PREVIEW_lowres.jpg,https://commons.wikimedia.org/wiki/Special:FilePath/Quaid_e_Azam_Residency%2C_Ziarat%2CPakistan.jpg,"CLEAR (CC BY-SA 3.0, attribution required)","No — openly licensed, attribution required",High,800x531,"Quaid e Azam Residency, Ziarat,Pakistan.jpg",NOT DOWNLOADED — Wikimedia blocked by this session's network policy
E04,1949,Objectives Resolution,1949_liaquat_ali_khan_1945.jpg,A — HERO,"Liaquat Ali Khan, who moved the Objectives Resolution (12 Mar 1949).",Wikimedia Commons — original source: Uploader,https://commons.wikimedia.org/wiki/File:Liaquat_Ali_Khan_1945.jpg,Unknown,1945,Public domain,Recommended,LOW / HISTORICALLY IMPORTANT,ORIGINAL HISTORICAL PHOTOGRAPH,Hero image — full-bleed cinematic section,,research/1949_objectives_resolution,"PREVIEW ONLY (low-res browser screen capture, ~190 px) — full-resolution file NOT included; open download_url or source_url to save it",research/1949_objectives_resolution/previews/1949_liaquat_ali_khan_1945__PREVIEW_lowres.jpg,https://commons.wikimedia.org/wiki/Special:FilePath/Liaquat_Ali_Khan_1945.jpg,LIKELY CLEAR (PD by age),Stated public domain on source page (verify where marked),Medium,655x903,Liaquat Ali Khan 1945.jpg,NOT DOWNLOADED — Wikimedia blocked by this session's network policy
E04,1949,Objectives Resolution,1949_commonwealth_pms_london_1949.jpg,B — ARCHIVE,"Liaquat with Commonwealth premiers, April 1949.",Wikimedia Commons — original source: Getty Images listing (PD claim — VERIFY),https://commons.wikimedia.org/wiki/File:Commonwealth_Prime_Ministers_in_London_1949.jpg,Unknown,1949-04-21,Public domain,Recommended,MEDIUM,ORIGINAL HISTORICAL PHOTOGRAPH,Supporting archive image / source drawer,Commons links a Getty Images listing; UK press photo — confirm copyright.,research/1949_objectives_resolution,"PREVIEW ONLY (low-res browser screen capture, ~190 px) — full-resolution file NOT included; open download_url or source_url to save it",research/1949_objectives_resolution/previews/1949_commonwealth_pms_london_1949__PREVIEW_lowres.jpg,https://commons.wikimedia.org/wiki/Special:FilePath/Commonwealth_Prime_Ministers_in_London_1949.jpg,VERIFY BEFORE PUBLIC USE,Stated public domain on source page (verify where marked),High,1920x1574,Commonwealth Prime Ministers in London 1949.jpg,NOT DOWNLOADED — Wikimedia blocked by this session's network policy
E04,1949,Objectives Resolution,1949_inter_dominion_conference_karachi_25jun1949.jpg,B — ARCHIVE,"Inter-Dominion Conference delegates at Karachi, 25 June 1949.",Internet Archive — PROPIX item 26773020184,Internet Archive — PROPIX item 26773020184,"Photo Division, Govt of India",1949-06-25,CC0 mark (PD by age),No (credit recommended),see file,ORIGINAL HISTORICAL PHOTOGRAPH,Supporting archive image / source drawer,Already on disk from an earlier session (MEDIA/ASSETS/free); copied into this folder.,research/1949_objectives_resolution,"FULL FILE (original resolution, from project MEDIA/ASSETS/free)",research/1949_objectives_resolution/1949_inter_dominion_conference_karachi_25jun1949.jpg,,CLEAR,Yes (PD by age; CC0 mark),High,,IA_PROPIX_26773020184.jpg,INCLUDED IN ZIP (full file)
E04,1949,Objectives Resolution,1949_rijksmuseum_attlee_liaquat_1949.jpg,B — ARCHIVE,"Rijksmuseum CC0, 21 April 1949.",Wikimedia Commons — original source: Rijksmuseum RP-F-F01480,https://commons.wikimedia.org/wiki/File:Minister_presidenten_Attlee%2C_Ali_Khan%2C_Chifley_en_Malan_op_bezoek_bij_koning_George_VI%2C_RP-F-F01480.jpg,Rijksmuseum,1949-04-21,CC0,No (credit recommended),HIGH,ORIGINAL HISTORICAL PHOTOGRAPH,Supporting archive image / source drawer,,research/1949_objectives_resolution,"PREVIEW ONLY (low-res browser screen capture, ~190 px) — full-resolution file NOT included; open download_url or source_url to save it",research/1949_objectives_resolution/previews/1949_rijksmuseum_attlee_liaquat_1949__PREVIEW_lowres.jpg,https://commons.wikimedia.org/wiki/Special:FilePath/Minister_presidenten_Attlee%2C_Ali_Khan%2C_Chifley_en_Malan_op_bezoek_bij_koning_George_VI%2C_RP-F-F01480.jpg?width=3000,"CLEAR (CC0, Rijksmuseum)",Yes (CC0 dedication),High,4976x3712,"Minister presidenten Attlee, Ali Khan, Chifley en Malan op bezoek bij koning George VI, RP-F-F01480.jpg",NOT DOWNLOADED — Wikimedia blocked by this session's network policy
E04,1949,Objectives Resolution,1949_constituent_assembly_emblem.png,E — CONTEXT,"Modern SVG redraw of the Assembly emblem — design element, not a photograph.",Wikimedia Commons — original source: Own work from constitution cover,https://commons.wikimedia.org/wiki/File:Emblem_of_Pakistan_Constituent_Assembly.svg,Tanvir Anjum Adib (redraw),2025-05-15,Public domain,Recommended,LOW,ILLUSTRATION (modern vector redraw of historical emblem),Context / secondary layer,,research/1949_objectives_resolution,"PREVIEW ONLY (low-res browser screen capture, ~190 px) — full-resolution file NOT included; open download_url or source_url to save it",research/1949_objectives_resolution/previews/1949_constituent_assembly_emblem__PREVIEW_lowres.jpg,https://commons.wikimedia.org/wiki/Special:FilePath/Emblem_of_Pakistan_Constituent_Assembly.svg?width=2400,LIKELY CLEAR (stated public domain; check source),Stated public domain on source page (verify where marked),High,512x728,Emblem of Pakistan Constituent Assembly.svg,NOT DOWNLOADED — Wikimedia blocked by this session's network policy
E05,1951,Assassination of Liaquat Ali Khan,1951_truman_liaquat_washington_1950.jpg,A — HERO,"NARA, Abbie Rowe, 3 May 1950 — high-resolution portrait of Liaquat.",Wikimedia Commons — original source: NARA 200197,https://commons.wikimedia.org/wiki/File:Photograph_of_President_Truman_and_Prime_Minister_Liaquat_Ali_Khan_of_Pakistan_in_Washington_during_the_Prime..._-_NARA_-_200197.jpg,Abbie Rowe,1950-05-03,Public domain,No (credit recommended),HIGH,ORIGINAL HISTORICAL PHOTOGRAPH,Hero image — full-bleed cinematic section,,research/1951_liaquat,"PREVIEW ONLY (low-res browser screen capture, ~190 px) — full-resolution file NOT included; open download_url or source_url to save it",research/1951_liaquat/previews/1951_truman_liaquat_washington_1950__PREVIEW_lowres.jpg,https://commons.wikimedia.org/wiki/Special:FilePath/Photograph_of_President_Truman_and_Prime_Minister_Liaquat_Ali_Khan_of_Pakistan_in_Washington_during_the_Prime..._-_NARA_-_200197.jpg,CLEAR (US Government work),Yes (US federal government work),High,3000x2410,Photograph of President Truman and Prime Minister Liaquat Ali Khan of Pakistan in Washington during the Prime... - NARA - 200197.jpg,NOT DOWNLOADED — Wikimedia blocked by this session's network policy
E05,1951,Assassination of Liaquat Ali Khan,1951_liaquat_mourning_meeting_new_delhi_17oct1951.jpg,B — ARCHIVE,"Public meeting in New Delhi mourning Liaquat Ali Khan, 17 Oct 1951 — regional mourning, no graphic content.",Internet Archive — PROPIX item 30706504521,Internet Archive — PROPIX item 30706504521,"Photo Division, Govt of India",1951-10-17,CC0 mark (PD by age),No (credit recommended),see file,ORIGINAL HISTORICAL PHOTOGRAPH,Supporting archive image / source drawer,Already on disk from an earlier session (MEDIA/ASSETS/free); copied into this folder.,research/1951_liaquat,"FULL FILE (original resolution, from project MEDIA/ASSETS/free)",research/1951_liaquat/1951_liaquat_mourning_meeting_new_delhi_17oct1951.jpg,,CLEAR,Yes (PD by age; CC0 mark),High,,IA_PROPIX_30706504521.jpg,INCLUDED IN ZIP (full file)
E05,1951,Assassination of Liaquat Ali Khan,1951_liaquat_rpaf_inspection_1950.jpg,B — ARCHIVE,"PAF photo, 14 Aug 1950.",Wikimedia Commons — original source: PAF Archives / Second To None magazine,https://commons.wikimedia.org/wiki/File:Liaquat_Ali_Khan_RPAF_1950.jpg,Pakistan Air Force,1950-08-14,Public domain,Recommended,LOW / HISTORICALLY IMPORTANT,ORIGINAL HISTORICAL PHOTOGRAPH,Supporting archive image / source drawer,,research/1951_liaquat,"PREVIEW ONLY (low-res browser screen capture, ~190 px) — full-resolution file NOT included; open download_url or source_url to save it",research/1951_liaquat/previews/1951_liaquat_rpaf_inspection_1950__PREVIEW_lowres.jpg,https://commons.wikimedia.org/wiki/Special:FilePath/Liaquat_Ali_Khan_RPAF_1950.jpg,"LIKELY CLEAR (PAF 1950, PD by age)",Stated public domain on source page (verify where marked),High,800x445,Liaquat Ali Khan RPAF 1950.jpg,NOT DOWNLOADED — Wikimedia blocked by this session's network policy
E05,1951,Assassination of Liaquat Ali Khan,1951_liaquat_truman_library_1950.jpg,B — ARCHIVE,Liaquat Ali Khan and Begum Ra'ana Liaquat Ali Khan on the 1950 US visit.,Truman Library 66-8550,Truman Library 66-8550,US Government (Truman Library 66-8550),1950-05,Public domain (US Government),No (credit recommended),see file,ORIGINAL HISTORICAL PHOTOGRAPH,Supporting archive image / source drawer,Already on disk from an earlier session (MEDIA/ASSETS/free); copied into this folder.,research/1951_liaquat,"FULL FILE (original resolution, from project MEDIA/ASSETS/free)",research/1951_liaquat/1951_liaquat_truman_library_1950.jpg,,CLEAR,Yes (US Government work),High,,PD_TRUMAN_66-8550_liaquat-1950.jpg,INCLUDED IN ZIP (full file)
E05,1951,Assassination of Liaquat Ali Khan,1951_liaquat_with_family.jpg,B — ARCHIVE,Family portrait (undated).,Wikimedia Commons — original source: storyofpakistan.com,https://commons.wikimedia.org/wiki/File:LAKhan_with_family.jpg,Unknown,undated,Public domain,Recommended,LOW / HISTORICALLY IMPORTANT,ORIGINAL HISTORICAL PHOTOGRAPH,Supporting archive image / source drawer,,research/1951_liaquat,"PREVIEW ONLY (low-res browser screen capture, ~190 px) — full-resolution file NOT included; open download_url or source_url to save it",research/1951_liaquat/previews/1951_liaquat_with_family__PREVIEW_lowres.jpg,https://commons.wikimedia.org/wiki/Special:FilePath/LAKhan_with_family.jpg,LIKELY CLEAR (PD by age),Stated public domain on source page (verify where marked),Medium,435x500,LAKhan with family.jpg,NOT DOWNLOADED — Wikimedia blocked by this session's network policy
E05,1951,Assassination of Liaquat Ali Khan,1951_govt_report_assassination_liaquat_1951.jpg,D — DOCUMENT,"Government of Pakistan publication, 25 Oct 1951.",Wikimedia Commons — original source: Punjab Govt Digital Library,https://commons.wikimedia.org/wiki/File:The_Assassination_of_Mr._Liaquat_Ali_Khan.pdf,"Government of Pakistan, Ministry of the Interior",1951-10-25,Public domain,Recommended,MEDIUM,ORIGINAL DOCUMENT,Document panel (zoomable),,research/documents,"PREVIEW ONLY (low-res browser screen capture, ~190 px) — full-resolution file NOT included; open download_url or source_url to save it",research/documents/previews/1951_govt_report_assassination_liaquat_1951__PREVIEW_lowres.jpg,https://commons.wikimedia.org/wiki/Special:FilePath/The_Assassination_of_Mr._Liaquat_Ali_Khan.pdf?page=1&width=2000,"LIKELY CLEAR (Govt of Pakistan 1951, PD by age)",Stated public domain on source page (verify where marked),High,883x1372,The Assassination of Mr. Liaquat Ali Khan.pdf,NOT DOWNLOADED — Wikimedia blocked by this session's network policy
E05,1951,Assassination of Liaquat Ali Khan,1951_liaquat_bagh_chowk_rawalpindi.jpg,E — CONTEXT,Modern view of the site (formerly Company Bagh).,Wikimedia Commons — original source: Own work,https://commons.wikimedia.org/wiki/File:Liaquat_Bagh_Chowk_Rawalpindi.jpg,Fahads1982,2023-07-30,CC BY-SA 4.0,Yes,LOW,DOCUMENTARY PHOTOGRAPH,Context / secondary layer,,research/1951_liaquat,"PREVIEW ONLY (low-res browser screen capture, ~190 px) — full-resolution file NOT included; open download_url or source_url to save it",research/1951_liaquat/previews/1951_liaquat_bagh_chowk_rawalpindi__PREVIEW_lowres.jpg,https://commons.wikimedia.org/wiki/Special:FilePath/Liaquat_Bagh_Chowk_Rawalpindi.jpg,"CLEAR (CC BY-SA 4.0, attribution required)","No — openly licensed, attribution required",High,720x900,Liaquat Bagh Chowk Rawalpindi.jpg,NOT DOWNLOADED — Wikimedia blocked by this session's network policy
E05,1951,Assassination of Liaquat Ali Khan,1951_nehru_liaquat_memorial_meeting_1951.jpg,E — CONTEXT,"Nehru addresses a memorial meeting for Liaquat Ali Khan, October 1951.",Internet Archive — PROPIX item 26750395193,Internet Archive — PROPIX item 26750395193,"Photo Division, Govt of India",1951-10,CC0 mark (PD by age),No (credit recommended),see file,ORIGINAL HISTORICAL PHOTOGRAPH,Context / secondary layer,Already on disk from an earlier session (MEDIA/ASSETS/free); copied into this folder.,research/1951_liaquat,"FULL FILE (original resolution, from project MEDIA/ASSETS/free)",research/1951_liaquat/1951_nehru_liaquat_memorial_meeting_1951.jpg,,CLEAR,Yes (PD by age; CC0 mark),High,,IA_PROPIX_26750395193.jpg,INCLUDED IN ZIP (full file)
E06,1956,First Constitution,1956_constitution_1956_cover.jpg,A — HERO,Cover of the 1956 Constitution (colour-corrected).,Wikimedia Commons — original source: Uploader scan,https://commons.wikimedia.org/wiki/File:Cover_of_the_first_constitiution_of_Pakistan.jpg,Government of Pakistan (colour-corrected by Kaim Amin),1956-02-29,Public domain,Recommended,MEDIUM,ORIGINAL DOCUMENT (colour-corrected scan),Hero image — full-bleed cinematic section,,research/1956_constitution,"PREVIEW ONLY (low-res browser screen capture, ~190 px) — full-resolution file NOT included; open download_url or source_url to save it",research/1956_constitution/previews/1956_constitution_1956_cover__PREVIEW_lowres.jpg,https://commons.wikimedia.org/wiki/Special:FilePath/Cover_of_the_first_constitiution_of_Pakistan.jpg,"LIKELY CLEAR (Govt of Pakistan 1956, PD by age)",Stated public domain on source page (verify where marked),High,1283x2016,Cover of the first constitiution of Pakistan.jpg,NOT DOWNLOADED — Wikimedia blocked by this session's network policy
E06,1956,First Constitution,1956_iskander_mirza_portrait.jpg,B — ARCHIVE,First President under the 1956 Constitution. Small file.,Wikimedia Commons — original source: storyofpakistan.com (archived),https://commons.wikimedia.org/wiki/File:Iskander_Mirza.jpg,Unknown,1956,Public domain,Recommended,LOW / HISTORICALLY IMPORTANT,ORIGINAL HISTORICAL PHOTOGRAPH,Supporting archive image / source drawer,,research/1956_constitution,"PREVIEW ONLY (low-res browser screen capture, ~190 px) — full-resolution file NOT included; open download_url or source_url to save it",research/1956_constitution/previews/1956_iskander_mirza_portrait__PREVIEW_lowres.jpg,https://commons.wikimedia.org/wiki/Special:FilePath/Iskander_Mirza.jpg,LIKELY CLEAR (PD by age),Stated public domain on source page (verify where marked),Medium,260x351,Iskander Mirza.jpg,NOT DOWNLOADED — Wikimedia blocked by this session's network policy
E06,1956,First Constitution,1956_iskander_mirza_shah_stamp_1956.jpg,B — ARCHIVE,Iranian stamp marking Mirza's 1956 visit.,Wikimedia Commons — original source: Iranian Post Office,https://commons.wikimedia.org/wiki/File:Shah_and_Iskander_Mirza_stamp_November_1956.jpg,Iranian Post,1956-11,Public domain,Recommended,LOW / HISTORICALLY IMPORTANT,ORIGINAL OBJECT (stamp),Supporting archive image / source drawer,,research/1956_constitution,"PREVIEW ONLY (low-res browser screen capture, ~190 px) — full-resolution file NOT included; open download_url or source_url to save it",research/1956_constitution/previews/1956_iskander_mirza_shah_stamp_1956__PREVIEW_lowres.jpg,https://commons.wikimedia.org/wiki/Special:FilePath/Shah_and_Iskander_Mirza_stamp_November_1956.jpg,LIKELY CLEAR (PD),Stated public domain on source page (verify where marked),High,513x399,Shah and Iskander Mirza stamp November 1956.jpg,NOT DOWNLOADED — Wikimedia blocked by this session's network policy
E06,1956,First Constitution,1956_dhaka_high_court_seal_1956.jpg,E — CONTEXT,State seal of the 1956 republic era.,Wikimedia Commons — original source: Supreme Court of Bangladesh,https://commons.wikimedia.org/wiki/File:Seal_of_Dhaka_High_Court_%281956%29.jpg,Dhaka High Court,1956,Public domain,Recommended,LOW / HISTORICALLY IMPORTANT,ORIGINAL OBJECT (seal),Context / secondary layer,,research/1956_constitution,"PREVIEW ONLY (low-res browser screen capture, ~190 px) — full-resolution file NOT included; open download_url or source_url to save it",research/1956_constitution/previews/1956_dhaka_high_court_seal_1956__PREVIEW_lowres.jpg,https://commons.wikimedia.org/wiki/Special:FilePath/Seal_of_Dhaka_High_Court_%281956%29.jpg,LIKELY CLEAR,Stated public domain on source page (verify where marked),Medium,500x392,Seal of Dhaka High Court (1956).jpg,NOT DOWNLOADED — Wikimedia blocked by this session's network policy
E07,1958,Ayub Khan & Martial Law,1958_ayub_khan_official_portrait.png,A — HERO,"Official portrait, Office of the President.",Wikimedia Commons — original source: president.gov.pk,https://commons.wikimedia.org/wiki/File:Ayub_Khan_portrait.png,Office of the President of Pakistan,1960s,Public domain,Recommended,LOW / HISTORICALLY IMPORTANT,ORIGINAL HISTORICAL PHOTOGRAPH,Hero image — full-bleed cinematic section,,research/1958_ayub,"PREVIEW ONLY (low-res browser screen capture, ~190 px) — full-resolution file NOT included; open download_url or source_url to save it",research/1958_ayub/previews/1958_ayub_khan_official_portrait__PREVIEW_lowres.jpg,https://commons.wikimedia.org/wiki/Special:FilePath/Ayub_Khan_portrait.png,"LIKELY CLEAR (Govt of Pakistan 1960s, PD by age)",Stated public domain on source page (verify where marked),High,914x1172,Ayub Khan portrait.png,NOT DOWNLOADED — Wikimedia blocked by this session's network policy
E07,1958,Ayub Khan & Martial Law,1958_ayub_khan_bundesarchiv.jpg,B — ARCHIVE,German Federal Archive portrait.,Wikimedia Commons — original source: German Federal Archive (Bundesarchiv),https://commons.wikimedia.org/wiki/File:Muhammad_Ayub_Khan.JPG,Egon Steiner,1961-01-22,CC BY-SA 3.0 de,Yes,LOW / HISTORICALLY IMPORTANT,ORIGINAL HISTORICAL PHOTOGRAPH,Supporting archive image / source drawer,,research/1958_ayub,"PREVIEW ONLY (low-res browser screen capture, ~190 px) — full-resolution file NOT included; open download_url or source_url to save it",research/1958_ayub/previews/1958_ayub_khan_bundesarchiv__PREVIEW_lowres.jpg,https://commons.wikimedia.org/wiki/Special:FilePath/Muhammad_Ayub_Khan.JPG,"CLEAR (CC BY-SA 3.0 de, attribution required)","No — openly licensed, attribution required",High,291x485,Muhammad Ayub Khan.JPG,NOT DOWNLOADED — Wikimedia blocked by this session's network policy
E07,1958,Ayub Khan & Martial Law,1958_ayub_motorcade_washington_1961.jpg,B — ARCHIVE,"Abbie Rowe, 11 July 1961.",Wikimedia Commons — original source: JFK Library,https://commons.wikimedia.org/wiki/File:Motorcade_in_Arrival_Ceremonies_for_Muhammad_Ayub_Khan%2C_President_of_Pakistan_use.jpg,Abbie Rowe,1961-07-11,Public domain,No (credit recommended),LOW / HISTORICALLY IMPORTANT,ORIGINAL HISTORICAL PHOTOGRAPH,Supporting archive image / source drawer,,research/1958_ayub,"PREVIEW ONLY (low-res browser screen capture, ~190 px) — full-resolution file NOT included; open download_url or source_url to save it",research/1958_ayub/previews/1958_ayub_motorcade_washington_1961__PREVIEW_lowres.jpg,https://commons.wikimedia.org/wiki/Special:FilePath/Motorcade_in_Arrival_Ceremonies_for_Muhammad_Ayub_Khan%2C_President_of_Pakistan_use.jpg,CLEAR (US Government work),Yes (US federal government work),High,445x685,"Motorcade in Arrival Ceremonies for Muhammad Ayub Khan, President of Pakistan use.jpg",NOT DOWNLOADED — Wikimedia blocked by this session's network policy
E07,1958,Ayub Khan & Martial Law,1958_ayub_suhrawardy_1958.jpg,B — ARCHIVE,1958 group photograph.,Wikimedia Commons — original source: Blogger (weak provenance),https://commons.wikimedia.org/wiki/File:Mr._and_Mrs._S.N._Bakar_with_General_Ayub_Khan_and_Mr._H.S._Suhrawardy_%281958%29..jpg,Unknown,1958,Public domain,Recommended,MEDIUM,ORIGINAL HISTORICAL PHOTOGRAPH,Supporting archive image / source drawer,Source is a blog.,research/1958_ayub,"PREVIEW ONLY (low-res browser screen capture, ~190 px) — full-resolution file NOT included; open download_url or source_url to save it",research/1958_ayub/previews/1958_ayub_suhrawardy_1958__PREVIEW_lowres.jpg,https://commons.wikimedia.org/wiki/Special:FilePath/Mr._and_Mrs._S.N._Bakar_with_General_Ayub_Khan_and_Mr._H.S._Suhrawardy_%281958%29..jpg,VERIFY BEFORE PUBLIC USE,Stated public domain on source page (verify where marked),Medium,1600x1229,Mr. and Mrs. S.N. Bakar with General Ayub Khan and Mr. H.S. Suhrawardy (1958)..jpg,NOT DOWNLOADED — Wikimedia blocked by this session's network policy
E07,1958,Ayub Khan & Martial Law,1958_kennedy_ayub_mount_vernon_1961.jpg,B — ARCHIVE,"JFK Library, July 1961 — Ayub's era on the world stage.",Wikimedia Commons — original source: NARA via DPLA,https://commons.wikimedia.org/wiki/File:President_and_Mrs._Kennedy_with_President_of_Pakistan_Mohammad_Ayub_Khan_and_His_Wife_at_Mount_Vernon%2C_Virginia_-_DPLA_-_3cadd1985d33c53c9b014af3c6922c62.jpg,Office of the Naval Aide to the President,1961-07,Public domain,No (credit recommended),HIGH,ORIGINAL HISTORICAL PHOTOGRAPH,Supporting archive image / source drawer,,research/1958_ayub,"PREVIEW ONLY (low-res browser screen capture, ~190 px) — full-resolution file NOT included; open download_url or source_url to save it",research/1958_ayub/previews/1958_kennedy_ayub_mount_vernon_1961__PREVIEW_lowres.jpg,https://commons.wikimedia.org/wiki/Special:FilePath/President_and_Mrs._Kennedy_with_President_of_Pakistan_Mohammad_Ayub_Khan_and_His_Wife_at_Mount_Vernon%2C_Virginia_-_DPLA_-_3cadd1985d33c53c9b014af3c6922c62.jpg?width=3000,CLEAR (US Government work),Yes (US federal government work),High,5998x5856,"President and Mrs. Kennedy with President of Pakistan Mohammad Ayub Khan and His Wife at Mount Vernon, Virginia - DPLA - 3cadd1985d33c53c9b014af3c6922c62.jpg",NOT DOWNLOADED — Wikimedia blocked by this session's network policy
E07,1958,Ayub Khan & Martial Law,1958_kennedy_meets_ayub_1961.jpg,B — ARCHIVE,"Abbie Rowe, 13 July 1961.",Wikimedia Commons — original source: JFK Library JFKWHP-1961-07-13-B,https://commons.wikimedia.org/wiki/File:President_John_F._Kennedy_Meets_with_Mohammad_Ayub_Khan%2C_President_of_Pakistan_%2801%29.jpg,"Abbie Rowe, White House",1961-07-13,Public domain,No (credit recommended),LOW / HISTORICALLY IMPORTANT,ORIGINAL HISTORICAL PHOTOGRAPH,Supporting archive image / source drawer,,research/1958_ayub,"PREVIEW ONLY (low-res browser screen capture, ~190 px) — full-resolution file NOT included; open download_url or source_url to save it",research/1958_ayub/previews/1958_kennedy_meets_ayub_1961__PREVIEW_lowres.jpg,https://commons.wikimedia.org/wiki/Special:FilePath/President_John_F._Kennedy_Meets_with_Mohammad_Ayub_Khan%2C_President_of_Pakistan_%2801%29.jpg,CLEAR (US Government work),Yes (US federal government work),High,1000x793,"President John F. Kennedy Meets with Mohammad Ayub Khan, President of Pakistan (01).jpg",NOT DOWNLOADED — Wikimedia blocked by this session's network policy
E07,1958,Ayub Khan & Martial Law,1958_paf_f86_sabres_1958.jpg,E — CONTEXT,"PAF F-86s at Mauripur, Feb 1958.",Wikimedia Commons — original source: PAF press release,https://commons.wikimedia.org/wiki/File:Pakistani_F-86_Sabres.jpg,DGPR Pakistan Air Force,1958-02-02,Public domain,Recommended,MEDIUM,ORIGINAL HISTORICAL PHOTOGRAPH,Context / secondary layer,,research/1958_ayub,"PREVIEW ONLY (low-res browser screen capture, ~190 px) — full-resolution file NOT included; open download_url or source_url to save it",research/1958_ayub/previews/1958_paf_f86_sabres_1958__PREVIEW_lowres.jpg,https://commons.wikimedia.org/wiki/Special:FilePath/Pakistani_F-86_Sabres.jpg,"LIKELY CLEAR (PAF 1958, PD by age)",Stated public domain on source page (verify where marked),High,1280x872,Pakistani F-86 Sabres.jpg,NOT DOWNLOADED — Wikimedia blocked by this session's network policy
E07,1958,Ayub Khan & Martial Law,1958_pm_feroz_khan_noon_arrives_delhi_9sep1958.jpg,E — CONTEXT,"PM Feroz Khan Noon arrives in New Delhi, 9 Sep 1958.",Internet Archive — PROPIX item 27357087615,Internet Archive — PROPIX item 27357087615,"Photo Division, Govt of India",1958-09-09,CC0 mark (PD by age),No (credit recommended),see file,ORIGINAL HISTORICAL PHOTOGRAPH,Context / secondary layer,Already on disk from an earlier session (MEDIA/ASSETS/free); copied into this folder.,research/1958_ayub,"FULL FILE (original resolution, from project MEDIA/ASSETS/free)",research/1958_ayub/1958_pm_feroz_khan_noon_arrives_delhi_9sep1958.jpg,,CLEAR,Yes (PD by age; CC0 mark),High,,IA_PROPIX_27357087615.jpg,INCLUDED IN ZIP (full file)
E07,1958,Ayub Khan & Martial Law,1958_pm_feroz_khan_noon_leaves_delhi_11sep1958.jpg,E — CONTEXT,"PM Feroz Khan Noon leaves New Delhi for Karachi, 11 Sep 1958 — the last civilian PM before the October 1958 coup.",Internet Archive — PROPIX item 27323563816,Internet Archive — PROPIX item 27323563816,"Photo Division, Govt of India",1958-09-11,CC0 mark (PD by age),No (credit recommended),see file,ORIGINAL HISTORICAL PHOTOGRAPH,Context / secondary layer,Already on disk from an earlier session (MEDIA/ASSETS/free); copied into this folder.,research/1958_ayub,"FULL FILE (original resolution, from project MEDIA/ASSETS/free)",research/1958_ayub/1958_pm_feroz_khan_noon_leaves_delhi_11sep1958.jpg,,CLEAR,Yes (PD by age; CC0 mark),High,,IA_PROPIX_27323563816.jpg,INCLUDED IN ZIP (full file)
E08,1960,Indus Waters Treaty,1960_indus_above_hyderabad_from_orbit_may1963.jpg,A — HERO,"The Indus above Hyderabad photographed from orbit (Mercury-Atlas 9), May 1963 — the river the treaty divided. Moody blue cast; regrade warm.",NASA image S63-06455,NASA image S63-06455,NASA,1963-05,Public domain (NASA),No (credit recommended),see file,SATELLITE / ORBITAL PHOTOGRAPH,Hero image — full-bleed cinematic section,Already on disk from an earlier session (MEDIA/ASSETS/free); copied into this folder.,research/1960_indus_waters,"FULL FILE (original resolution, from project MEDIA/ASSETS/free)",research/1960_indus_waters/1960_indus_above_hyderabad_from_orbit_may1963.jpg,,CLEAR,Yes (NASA),High,,NASA_s63-06455.jpg,INCLUDED IN ZIP (full file)
E08,1960,Indus Waters Treaty,1960_un_treaty_series_vol419.jpg,D — DOCUMENT,UNTS vol. 419 — contains the registered Indus Waters Treaty (No. 6032). Verify page range.,Wikimedia Commons — original source: treaties.un.org,https://commons.wikimedia.org/wiki/File:UN_Treaty_Series_-_vol_419.pdf,Secretariat of the United Nations,1962,Public domain,No (credit recommended),MEDIUM,ORIGINAL DOCUMENT (treaty publication),Document panel (zoomable),Locate IWT pages inside the volume before using a page crop.,research/documents,"PREVIEW ONLY (low-res browser screen capture, ~190 px) — full-resolution file NOT included; open download_url or source_url to save it",research/documents/previews/1960_un_treaty_series_vol419__PREVIEW_lowres.jpg,https://commons.wikimedia.org/wiki/Special:FilePath/UN_Treaty_Series_-_vol_419.pdf?page=1&width=2000,CLEAR (UN treaty text),Yes (as stated on source),High,1050x1500,UN Treaty Series - vol 419.pdf,NOT DOWNLOADED — Wikimedia blocked by this session's network policy
E08,1960,Indus Waters Treaty,1960_indus_sukkur_barrage_sunset.jpg,E — CONTEXT,Indus at Sukkur — cinematic river image.,Wikimedia Commons — original source: Own work,https://commons.wikimedia.org/wiki/File:Indus_river_Sukkur_barrage_sunset.jpg,Ghulamrasoolshar,2023-02-03,CC BY-SA 4.0,Yes,HIGH,DOCUMENTARY PHOTOGRAPH,Context / secondary layer,,research/1960_indus_waters,"PREVIEW ONLY (low-res browser screen capture, ~190 px) — full-resolution file NOT included; open download_url or source_url to save it",research/1960_indus_waters/previews/1960_indus_sukkur_barrage_sunset__PREVIEW_lowres.jpg,https://commons.wikimedia.org/wiki/Special:FilePath/Indus_river_Sukkur_barrage_sunset.jpg?width=1802,"CLEAR (CC BY-SA 4.0, attribution required)","No — openly licensed, attribution required",High,3383x5632,Indus river Sukkur barrage sunset.jpg,NOT DOWNLOADED — Wikimedia blocked by this session's network policy
E08,1960,Indus Waters Treaty,1960_indus_basin_no_boundaries.png,F — MAP,Neutral basin map without disputed boundaries.,Wikimedia Commons — original source: Derived from File:Indus_river.svg,https://commons.wikimedia.org/wiki/File:Indus_river_basin_without_boundaries_of_disputed_regions.png,Kmhkmh; edited by Fowler&fowler,2021-02-05,CC BY-SA 4.0,Yes,HIGH,MAP,Map / geography layer,,research/maps,"PREVIEW ONLY (low-res browser screen capture, ~190 px) — full-resolution file NOT included; open download_url or source_url to save it",research/maps/previews/1960_indus_basin_no_boundaries__PREVIEW_lowres.jpg,https://commons.wikimedia.org/wiki/Special:FilePath/Indus_river_basin_without_boundaries_of_disputed_regions.png,"CLEAR (CC BY-SA 4.0, attribution required)","No — openly licensed, attribution required",High,2309x2495,Indus river basin without boundaries of disputed regions.png,NOT DOWNLOADED — Wikimedia blocked by this session's network policy
E08,1960,Indus Waters Treaty,1960_indus_river_basin_map.png,F — MAP,Basin map with tributaries.,Wikimedia Commons — original source: Own work,https://commons.wikimedia.org/wiki/File:Indus_River_basin_map.svg,Keenan Pepper,2018-02-02,CC BY-SA 4.0,Yes,LOW,MAP,Map / geography layer,,research/maps,"PREVIEW ONLY (low-res browser screen capture, ~190 px) — full-resolution file NOT included; open download_url or source_url to save it",research/maps/previews/1960_indus_river_basin_map__PREVIEW_lowres.jpg,https://commons.wikimedia.org/wiki/Special:FilePath/Indus_River_basin_map.svg?width=2400,"CLEAR (CC BY-SA 4.0, attribution required)","No — openly licensed, attribution required",High,603x472,Indus River basin map.svg,NOT DOWNLOADED — Wikimedia blocked by this session's network policy
E09,1960s,"Water, Power & Agriculture",1960_warsak_dam_site.jpg,A — HERO,Warsak Dam (completed 1960).,Wikimedia Commons — original source: Own work,https://commons.wikimedia.org/wiki/File:Warsak_Dam_Mohmand_Agency.jpg,Siraj Ud Din,2018-05-03,CC BY-SA 4.0,Yes,LOW,DOCUMENTARY PHOTOGRAPH,Hero image — full-bleed cinematic section,,research/1960s_development,"PREVIEW ONLY (low-res browser screen capture, ~190 px) — full-resolution file NOT included; open download_url or source_url to save it",research/1960s_development/previews/1960_warsak_dam_site__PREVIEW_lowres.jpg,https://commons.wikimedia.org/wiki/Special:FilePath/Warsak_Dam_Mohmand_Agency.jpg,"CLEAR (CC BY-SA 4.0, attribution required)","No — openly licensed, attribution required",High,500x375,Warsak Dam Mohmand Agency.jpg,NOT DOWNLOADED — Wikimedia blocked by this session's network policy
E09,1960s,"Water, Power & Agriculture",1960_ayub_khan_kaptai_dam_1962.jpg,B — ARCHIVE,13 Feb 1962 — 1960s hydropower programme.,Wikimedia Commons — original source: Flickr (pimu),https://commons.wikimedia.org/wiki/File:Kaptai_dam_in_East_Pakistan_being_visited_by_Ayub_Khan.jpg,Photographer not known,1962-02-13,Public domain,Recommended,LOW / HISTORICALLY IMPORTANT,ORIGINAL HISTORICAL PHOTOGRAPH,Supporting archive image / source drawer,,research/1960s_development,"PREVIEW ONLY (low-res browser screen capture, ~190 px) — full-resolution file NOT included; open download_url or source_url to save it",research/1960s_development/previews/1960_ayub_khan_kaptai_dam_1962__PREVIEW_lowres.jpg,https://commons.wikimedia.org/wiki/Special:FilePath/Kaptai_dam_in_East_Pakistan_being_visited_by_Ayub_Khan.jpg,LIKELY CLEAR (PD by age),Stated public domain on source page (verify where marked),Medium,1024x604,Kaptai dam in East Pakistan being visited by Ayub Khan.jpg,NOT DOWNLOADED — Wikimedia blocked by this session's network policy
E09,1960s,"Water, Power & Agriculture",1960_kabul_river_near_warsak.jpg,B — ARCHIVE,River Kabul near Warsak.,Wikimedia Commons — original source: Own work,https://commons.wikimedia.org/wiki/File:River_Kabul_near_Peshawar.jpg,Syed533,2017-05-21,CC BY-SA 4.0,Yes,HIGH,DOCUMENTARY PHOTOGRAPH,Supporting archive image / source drawer,,research/1960s_development,"PREVIEW ONLY (low-res browser screen capture, ~190 px) — full-resolution file NOT included; open download_url or source_url to save it",research/1960s_development/previews/1960_kabul_river_near_warsak__PREVIEW_lowres.jpg,https://commons.wikimedia.org/wiki/Special:FilePath/River_Kabul_near_Peshawar.jpg?width=3000,"CLEAR (CC BY-SA 4.0, attribution required)","No — openly licensed, attribution required",High,4032x3024,River Kabul near Peshawar.jpg,NOT DOWNLOADED — Wikimedia blocked by this session's network policy
E09,1960s,"Water, Power & Agriculture",1960_nara_canal.jpg,E — CONTEXT,Canal from Sukkur Barrage.,Wikimedia Commons — original source: NASA Worldview-derived,https://commons.wikimedia.org/wiki/File:Nara_Canal.jpg,Farrukh89,2014-09-16,CC BY-SA 4.0,Yes,LOW,DOCUMENTARY PHOTOGRAPH,Context / secondary layer,,research/1960s_development,"PREVIEW ONLY (low-res browser screen capture, ~190 px) — full-resolution file NOT included; open download_url or source_url to save it",research/1960s_development/previews/1960_nara_canal__PREVIEW_lowres.jpg,https://commons.wikimedia.org/wiki/Special:FilePath/Nara_Canal.jpg,"CLEAR (CC BY-SA 4.0, attribution required)","No — openly licensed, attribution required",High,809x882,Nara Canal.jpg,NOT DOWNLOADED — Wikimedia blocked by this session's network policy
E09,1960s,"Water, Power & Agriculture",1960_sukkur_barrage_1936_print.jpg,E — CONTEXT,1936 printed view of Sukkur Barrage (CC0) — archival texture.,Wikimedia Commons — original source: Marathi Wikisource scan,https://commons.wikimedia.org/wiki/File:%E0%A4%B8%E0%A4%BF%E0%A4%82%E0%A4%A7_105-1_%E0%A4%B8%E0%A4%95%E0%A5%8D%E0%A4%95%E0%A4%B0_%E0%A4%A7%E0%A4%B0%E0%A4%A3%E0%A4%BE%E0%A4%9A%E0%A4%BE_%E0%A4%A6%E0%A5%87%E0%A4%96%E0%A4%BE%E0%A4%B5%E0%A4%BE.jpg,Govind Chimnaji Bhate,1936,CC0,No (credit recommended),LOW / HISTORICALLY IMPORTANT,ORIGINAL PRINTED ILLUSTRATION (1936),Context / secondary layer,,research/1960s_development,"PREVIEW ONLY (low-res browser screen capture, ~190 px) — full-resolution file NOT included; open download_url or source_url to save it",research/1960s_development/previews/1960_sukkur_barrage_1936_print__PREVIEW_lowres.jpg,https://commons.wikimedia.org/wiki/Special:FilePath/%E0%A4%B8%E0%A4%BF%E0%A4%82%E0%A4%A7_105-1_%E0%A4%B8%E0%A4%95%E0%A5%8D%E0%A4%95%E0%A4%B0_%E0%A4%A7%E0%A4%B0%E0%A4%A3%E0%A4%BE%E0%A4%9A%E0%A4%BE_%E0%A4%A6%E0%A5%87%E0%A4%96%E0%A4%BE%E0%A4%B5%E0%A4%BE.jpg,CLEAR (CC0),Yes (CC0 dedication),High,348x226,सिंध 105-1 सक्कर धरणाचा देखावा.jpg,NOT DOWNLOADED — Wikimedia blocked by this session's network policy
E09,1960s,"Water, Power & Agriculture",1960_sukkur_barrage_daylight.jpg,E — CONTEXT,Barrage irrigation.,Wikimedia Commons — original source: Own work,https://commons.wikimedia.org/wiki/File:Sukkur_Barrage_in_daylight.jpg,Ashahid83,2013-11-06,CC BY-SA 4.0,Yes,LOW,DOCUMENTARY PHOTOGRAPH,Context / secondary layer,,research/1960s_development,"PREVIEW ONLY (low-res browser screen capture, ~190 px) — full-resolution file NOT included; open download_url or source_url to save it",research/1960s_development/previews/1960_sukkur_barrage_daylight__PREVIEW_lowres.jpg,https://commons.wikimedia.org/wiki/Special:FilePath/Sukkur_Barrage_in_daylight.jpg,"CLEAR (CC BY-SA 4.0, attribution required)","No — openly licensed, attribution required",High,960x720,Sukkur Barrage in daylight.jpg,NOT DOWNLOADED — Wikimedia blocked by this session's network policy
E10,1961-62,SUPARCO & Early Space Research,1961_nike_cajun_rocket_wallops_1959.jpg,A — HERO,NASA: the Nike-Cajun type used for Rehbar-I. NOT the Rehbar-I launch itself — caption as rocket type.,Wikimedia Commons — original source: NASA LaRC,https://commons.wikimedia.org/wiki/File:Nike-Cajun_Sounding_Rocket_with_University_of_Iowa_Payload_%28LRC-1959-B701_P-03803%29.tif,NASA Langley / Don Ward,1959-05-22,Public domain,No (credit recommended),HIGH,"STAND-IN (same rocket type, not the Rehbar-I launch)",Hero image — full-bleed cinematic section,,research/1961_suparco,"PREVIEW ONLY (low-res browser screen capture, ~190 px) — full-resolution file NOT included; open download_url or source_url to save it",research/1961_suparco/previews/1961_nike_cajun_rocket_wallops_1959__PREVIEW_lowres.jpg,https://commons.wikimedia.org/wiki/Special:FilePath/Nike-Cajun_Sounding_Rocket_with_University_of_Iowa_Payload_%28LRC-1959-B701_P-03803%29.tif?width=3000,CLEAR (NASA),Yes (as stated on source),High,3833x2808,Nike-Cajun Sounding Rocket with University of Iowa Payload (LRC-1959-B701 P-03803).tif,NOT DOWNLOADED — Wikimedia blocked by this session's network policy
E10,1961-62,SUPARCO & Early Space Research,1961_nike_cajun_rocket_wallops_1959_b.jpg,B — ARCHIVE,"NASA, same series.",Wikimedia Commons — original source: NASA LaRC,https://commons.wikimedia.org/wiki/File:Nike-Cajun_Sounding_Rocket_with_University_of_Iowa_Payload_%28LRC-1959-B701_P-03802%29.tif,NASA Langley / Don Ward,1959-05-22,Public domain,No (credit recommended),HIGH,"STAND-IN (same rocket type, not the Rehbar-I launch)",Supporting archive image / source drawer,,research/1961_suparco,"PREVIEW ONLY (low-res browser screen capture, ~190 px) — full-resolution file NOT included; open download_url or source_url to save it",research/1961_suparco/previews/1961_nike_cajun_rocket_wallops_1959_b__PREVIEW_lowres.jpg,https://commons.wikimedia.org/wiki/Special:FilePath/Nike-Cajun_Sounding_Rocket_with_University_of_Iowa_Payload_%28LRC-1959-B701_P-03802%29.tif?width=3000,CLEAR (NASA),Yes (as stated on source),High,3021x3787,Nike-Cajun Sounding Rocket with University of Iowa Payload (LRC-1959-B701 P-03802).tif,NOT DOWNLOADED — Wikimedia blocked by this session's network policy
E10,1961-62,SUPARCO & Early Space Research,1961_pakistan_from_mercury_atlas9_may1963.jpg,E — CONTEXT,"Pakistan, Iran and Afghanistan seen from Mercury-Atlas 9, May 1963 — the space age Pakistan entered with Rehbar-I (1962).",NASA image S63-06443,NASA image S63-06443,NASA,1963-05,Public domain (NASA),No (credit recommended),see file,SATELLITE / ORBITAL PHOTOGRAPH,Context / secondary layer,Already on disk from an earlier session (MEDIA/ASSETS/free); copied into this folder.,research/1961_suparco,"FULL FILE (original resolution, from project MEDIA/ASSETS/free)",research/1961_suparco/1961_pakistan_from_mercury_atlas9_may1963.jpg,,CLEAR,Yes (NASA),High,,NASA_s63-06443.jpg,INCLUDED IN ZIP (full file)
E10,1961-62,SUPARCO & Early Space Research,1961_sonmiani_bay.jpg,E — CONTEXT,Sonmiani coast (launch-site region).,Wikimedia Commons — original source: Own work,https://commons.wikimedia.org/wiki/File:Sonmiani_Bay.jpg,Crosji,2025-05-25,CC BY-SA 4.0,Yes,HIGH,DOCUMENTARY PHOTOGRAPH,Context / secondary layer,,research/1961_suparco,"PREVIEW ONLY (low-res browser screen capture, ~190 px) — full-resolution file NOT included; open download_url or source_url to save it",research/1961_suparco/previews/1961_sonmiani_bay__PREVIEW_lowres.jpg,https://commons.wikimedia.org/wiki/Special:FilePath/Sonmiani_Bay.jpg?width=3000,"CLEAR (CC BY-SA 4.0, attribution required)","No — openly licensed, attribution required",High,4032x2268,Sonmiani Bay.jpg,NOT DOWNLOADED — Wikimedia blocked by this session's network policy
E10,1961-62,SUPARCO & Early Space Research,1961_suparco_karachi.jpg,E — CONTEXT,"SUPARCO headquarters, Karachi.",Wikimedia Commons — original source: Panoramio,https://commons.wikimedia.org/wiki/File:SUPARCO%2C_Karachi._-_panoramio.jpg,Anwar Ahmed,2010-02-27,CC BY-SA 3.0,Yes,MEDIUM,DOCUMENTARY PHOTOGRAPH,Context / secondary layer,,research/1961_suparco,"PREVIEW ONLY (low-res browser screen capture, ~190 px) — full-resolution file NOT included; open download_url or source_url to save it",research/1961_suparco/previews/1961_suparco_karachi__PREVIEW_lowres.jpg,https://commons.wikimedia.org/wiki/Special:FilePath/SUPARCO%2C_Karachi._-_panoramio.jpg,"CLEAR (CC BY-SA 3.0, attribution required)","No — openly licensed, attribution required",High,1200x1600,"SUPARCO, Karachi. - panoramio.jpg",NOT DOWNLOADED — Wikimedia blocked by this session's network policy
E11,1962,Second Constitution,1962_ayub_jacqueline_kennedy_lahore_mar1962.jpg,A — HERO,"Cecil Stoughton (White House), 21 Mar 1962 — President Ayub Khan three weeks after promulgating the 1962 Constitution (1 Mar). Context, not the constitution itself.",Wikimedia Commons — original source: JFK Library JFKWHP-1962-03-21-B,https://commons.wikimedia.org/wiki/File:First_Lady_Jacqueline_Kennedy%27s_Motorcade_in_Lahore%2C_Pakistan.jpg,"Cecil Stoughton, White House",1962-03-21,Public domain,No (credit recommended),LOW / HISTORICALLY IMPORTANT,ORIGINAL HISTORICAL PHOTOGRAPH,Hero image — full-bleed cinematic section,,research/1962_constitution,"PREVIEW ONLY (low-res browser screen capture, ~190 px) — full-resolution file NOT included; open download_url or source_url to save it",research/1962_constitution/previews/1962_ayub_jacqueline_kennedy_lahore_mar1962__PREVIEW_lowres.jpg,https://commons.wikimedia.org/wiki/Special:FilePath/First_Lady_Jacqueline_Kennedy%27s_Motorcade_in_Lahore%2C_Pakistan.jpg,CLEAR (US Government work),Yes (US federal government work),High,1000x886,"First Lady Jacqueline Kennedy's Motorcade in Lahore, Pakistan.jpg",NOT DOWNLOADED — Wikimedia blocked by this session's network policy
E12,1965,Mangla Dam Construction,1965_mangla_dam_construction_engineers.jpg,B — ARCHIVE,Engineers of the Mangla Dam construction company (historic photo uploaded as own work — VERIFY).,Wikimedia Commons — original source: Own work (claim doubtful for historic photo),https://commons.wikimedia.org/wiki/File:Engineers_of_the_ManglaDamConstructionCo.jpg,Omalik1 (uploader),uploaded 2023-09-06; photo date unknown,CC BY-SA 4.0 (uploader claim),Yes,MEDIUM,"ORIGINAL HISTORICAL PHOTOGRAPH (date unknown, 1960s by appearance)",Supporting archive image / source drawer,Uploader claims own work for an evidently historic photo — confirm family/archival ownership.,research/1965_mangla_construction,"PREVIEW ONLY (low-res browser screen capture, ~190 px) — full-resolution file NOT included; open download_url or source_url to save it",research/1965_mangla_construction/previews/1965_mangla_dam_construction_engineers__PREVIEW_lowres.jpg,https://commons.wikimedia.org/wiki/Special:FilePath/Engineers_of_the_ManglaDamConstructionCo.jpg,VERIFY BEFORE PUBLIC USE,"No — openly licensed, attribution required",Medium,1766x1182,Engineers of the ManglaDamConstructionCo.jpg,NOT DOWNLOADED — Wikimedia blocked by this session's network policy
E12,1965,Mangla Dam Construction,1965_usaid_mangla_plaque_2012.jpg,E — CONTEXT,USAID 2012 plaque at Mangla — modern documentation.,Wikimedia Commons — original source: Flickr usaid_pakistan/8225963959,https://commons.wikimedia.org/wiki/File:Richard_Olson_and_Raghib_Shah_-_Mangla_Dam_-_2012_-_%288225963959%29.jpg,USAID Pakistan,2012-11-27,Public domain,No (credit recommended),MEDIUM,DOCUMENTARY PHOTOGRAPH,Context / secondary layer,,research/1965_mangla_construction,"PREVIEW ONLY (low-res browser screen capture, ~190 px) — full-resolution file NOT included; open download_url or source_url to save it",research/1965_mangla_construction/previews/1965_usaid_mangla_plaque_2012__PREVIEW_lowres.jpg,https://commons.wikimedia.org/wiki/Special:FilePath/Richard_Olson_and_Raghib_Shah_-_Mangla_Dam_-_2012_-_%288225963959%29.jpg,CLEAR (US Government work),Yes (US federal government work),High,1657x1034,Richard Olson and Raghib Shah - Mangla Dam - 2012 - (8225963959).jpg,NOT DOWNLOADED — Wikimedia blocked by this session's network policy
E13,1965,Pakistan–India War,1965_pakistan_army_1965_canal.jpg,A — HERO,"ISPR, Sept 1965 — soldiers near a canal (BRB) in Punjab.",Wikimedia Commons — original source: pakdef.info (archived),https://commons.wikimedia.org/wiki/File:1965_War.jpg,Inter Services Public Relations (ISPR),1965-09,Public domain,Recommended,LOW / HISTORICALLY IMPORTANT,ORIGINAL HISTORICAL PHOTOGRAPH,Hero image — full-bleed cinematic section,,research/1965_war,"PREVIEW ONLY (low-res browser screen capture, ~190 px) — full-resolution file NOT included; open download_url or source_url to save it",research/1965_war/previews/1965_pakistan_army_1965_canal__PREVIEW_lowres.jpg,https://commons.wikimedia.org/wiki/Special:FilePath/1965_War.jpg,"LIKELY CLEAR (ISPR 1965, PD by age)",Stated public domain on source page (verify where marked),High,1064x697,1965 War.jpg,NOT DOWNLOADED — Wikimedia blocked by this session's network policy
E13,1965,Pakistan–India War,1965_ayub_mm_alam_1965.jpg,B — ARCHIVE,"PAF archives, 30 Sept 1965.",Wikimedia Commons — original source: 'Sentinels in the Sky' (PAF),https://commons.wikimedia.org/wiki/File:Field_Marshal_Ayub_Khan%2C_MM_Alam_%281965%29.jpg,Pakistan Air Force archives,1965-09-30,Public domain,Recommended,LOW / HISTORICALLY IMPORTANT,ORIGINAL HISTORICAL PHOTOGRAPH,Supporting archive image / source drawer,,research/1965_war,"PREVIEW ONLY (low-res browser screen capture, ~190 px) — full-resolution file NOT included; open download_url or source_url to save it",research/1965_war/previews/1965_ayub_mm_alam_1965__PREVIEW_lowres.jpg,https://commons.wikimedia.org/wiki/Special:FilePath/Field_Marshal_Ayub_Khan%2C_MM_Alam_%281965%29.jpg,"LIKELY CLEAR (PAF 1965, PD by age)",Stated public domain on source page (verify where marked),High,376x482,"Field Marshal Ayub Khan, MM Alam (1965).jpg",NOT DOWNLOADED — Wikimedia blocked by this session's network policy
E13,1965,Pakistan–India War,1965_nur_khan_ayub_sargodha_1965.png,B — ARCHIVE,"PAF archives, 6 Oct 1965.",Wikimedia Commons — original source: 'Sentinels in the Sky' (PAF),https://commons.wikimedia.org/wiki/File:Masroor_Hosain%2C_Nur_Khan%2C_Ayub_Khan_%28Sargodha%3B_1965%29.png,Pakistan Air Force archives,1965-10-06,Public domain,Recommended,LOW / HISTORICALLY IMPORTANT,ORIGINAL HISTORICAL PHOTOGRAPH,Supporting archive image / source drawer,,research/1965_war,"PREVIEW ONLY (low-res browser screen capture, ~190 px) — full-resolution file NOT included; open download_url or source_url to save it",research/1965_war/previews/1965_nur_khan_ayub_sargodha_1965__PREVIEW_lowres.jpg,https://commons.wikimedia.org/wiki/Special:FilePath/Masroor_Hosain%2C_Nur_Khan%2C_Ayub_Khan_%28Sargodha%3B_1965%29.png,"LIKELY CLEAR (PAF 1965, PD by age)",Stated public domain on source page (verify where marked),High,735x516,"Masroor Hosain, Nur Khan, Ayub Khan (Sargodha; 1965).png",NOT DOWNLOADED — Wikimedia blocked by this session's network policy
E13,1965,Pakistan–India War,1965_pakistan_army_lahore_front_6sep1965.jpg,B — ARCHIVE,"6 Sept 1965, Lahore front.",Wikimedia Commons — original source: ISPR archives,https://commons.wikimedia.org/wiki/File:Pakistan_Army_during_Indian_invasion_of_Lahore%2C_1965_Indo-Pakistani_war.jpg,Pakistan Army,1965-09-06,Public domain,Recommended,MEDIUM,ORIGINAL HISTORICAL PHOTOGRAPH,Supporting archive image / source drawer,Commons file title uses one-sided wording; write a neutral caption.,research/1965_war,"PREVIEW ONLY (low-res browser screen capture, ~190 px) — full-resolution file NOT included; open download_url or source_url to save it",research/1965_war/previews/1965_pakistan_army_lahore_front_6sep1965__PREVIEW_lowres.jpg,https://commons.wikimedia.org/wiki/Special:FilePath/Pakistan_Army_during_Indian_invasion_of_Lahore%2C_1965_Indo-Pakistani_war.jpg,"LIKELY CLEAR (ISPR 1965, PD by age)",Stated public domain on source page (verify where marked),High,1280x968,"Pakistan Army during Indian invasion of Lahore, 1965 Indo-Pakistani war.jpg",NOT DOWNLOADED — Wikimedia blocked by this session's network policy
E13,1965,Pakistan–India War,1965_pakistan_shermans_1965.jpg,B — ARCHIVE,"Pakistani Sherman tanks, Sept 1965.",Wikimedia Commons — original source: pakistanarmy.gov.pk war image gallery,https://commons.wikimedia.org/wiki/File:Indo-Pakistani_War_of_1965.jpg,Pakistan Army,1965-09,Public domain,Recommended,MEDIUM,ORIGINAL HISTORICAL PHOTOGRAPH,Supporting archive image / source drawer,,research/1965_war,"PREVIEW ONLY (low-res browser screen capture, ~190 px) — full-resolution file NOT included; open download_url or source_url to save it",research/1965_war/previews/1965_pakistan_shermans_1965__PREVIEW_lowres.jpg,https://commons.wikimedia.org/wiki/Special:FilePath/Indo-Pakistani_War_of_1965.jpg,"LIKELY CLEAR (Pakistan Army 1965, PD by age)",Stated public domain on source page (verify where marked),High,1700x1736,Indo-Pakistani War of 1965.jpg,NOT DOWNLOADED — Wikimedia blocked by this session's network policy
E13,1965,Pakistan–India War,1965_indian_tank_crew_on_pakistani_tank_1965.jpg,E — CONTEXT,Indian Army image (GODL-India) — include for balance; caption from both sides.,Wikimedia Commons — original source: Indian Army ADGPI,https://commons.wikimedia.org/wiki/File:4horseIndo-Pak_War.jpg,"ADGPI, Indian Army",1965 (posted 2015-09-09),GODL-India,Yes,MEDIUM,ORIGINAL HISTORICAL PHOTOGRAPH,Context / secondary layer,"Indian Army image — use only alongside Pakistani-side images, neutral caption.",research/1965_war,"PREVIEW ONLY (low-res browser screen capture, ~190 px) — full-resolution file NOT included; open download_url or source_url to save it",research/1965_war/previews/1965_indian_tank_crew_on_pakistani_tank_1965__PREVIEW_lowres.jpg,https://commons.wikimedia.org/wiki/Special:FilePath/4horseIndo-Pak_War.jpg,"CLEAR (GODL-India, attribution)","No — openly licensed, attribution required",High,1463x965,4horseIndo-Pak War.jpg,NOT DOWNLOADED — Wikimedia blocked by this session's network policy
E14,1967,Mangla Dam Completed,1967_mangla_dam_and_bridge_panorama.jpg,A — HERO,Wide panorama of Mangla Dam and bridge.,Wikimedia Commons — original source: Own work,https://commons.wikimedia.org/wiki/File:ManglaDamManglaBridge.jpg,Skazimr,2008-04-06,CC BY-SA 3.0,Yes,HIGH,DOCUMENTARY PHOTOGRAPH,Hero image — full-bleed cinematic section,,research/1967_mangla_completed,"PREVIEW ONLY (low-res browser screen capture, ~190 px) — full-resolution file NOT included; open download_url or source_url to save it",research/1967_mangla_completed/previews/1967_mangla_dam_and_bridge_panorama__PREVIEW_lowres.jpg,https://commons.wikimedia.org/wiki/Special:FilePath/ManglaDamManglaBridge.jpg?width=6000,"CLEAR (CC BY-SA 3.0, attribution required)","No — openly licensed, attribution required",High,7224x2140,ManglaDamManglaBridge.jpg,NOT DOWNLOADED — Wikimedia blocked by this session's network policy
E14,1967,Mangla Dam Completed,1967_mangla_dam_water_flow.jpg,B — ARCHIVE,Spillway flow.,Wikimedia Commons — original source: Own work,https://commons.wikimedia.org/wiki/File:ManglaDamWaterFLow.jpg,Skazimr,2008-04-06,CC BY-SA 3.0,Yes,HIGH,DOCUMENTARY PHOTOGRAPH,Supporting archive image / source drawer,,research/1967_mangla_completed,"PREVIEW ONLY (low-res browser screen capture, ~190 px) — full-resolution file NOT included; open download_url or source_url to save it",research/1967_mangla_completed/previews/1967_mangla_dam_water_flow__PREVIEW_lowres.jpg,https://commons.wikimedia.org/wiki/Special:FilePath/ManglaDamWaterFLow.jpg?width=6000,"CLEAR (CC BY-SA 3.0, attribution required)","No — openly licensed, attribution required",High,6972x2041,ManglaDamWaterFLow.jpg,NOT DOWNLOADED — Wikimedia blocked by this session's network policy
E14,1967,Mangla Dam Completed,1967_mangla_reservoir_from_ramkot.jpg,B — ARCHIVE,Reservoir from Ramkot fort.,Wikimedia Commons — original source: Own work,https://commons.wikimedia.org/wiki/File:Mangla_Dam_from_Ramkot.jpg,Nmansoor,2015-02-19,CC BY-SA 3.0,Yes,HIGH,DOCUMENTARY PHOTOGRAPH,Supporting archive image / source drawer,,research/1967_mangla_completed,"PREVIEW ONLY (low-res browser screen capture, ~190 px) — full-resolution file NOT included; open download_url or source_url to save it",research/1967_mangla_completed/previews/1967_mangla_reservoir_from_ramkot__PREVIEW_lowres.jpg,https://commons.wikimedia.org/wiki/Special:FilePath/Mangla_Dam_from_Ramkot.jpg?width=3000,"CLEAR (CC BY-SA 3.0, attribution required)","No — openly licensed, attribution required",High,4288x2770,Mangla Dam from Ramkot.jpg,NOT DOWNLOADED — Wikimedia blocked by this session's network policy
E14,1967,Mangla Dam Completed,1967_mangla_dam_powerhouse.jpg,E — CONTEXT,Power house.,Wikimedia Commons — original source: Own work,https://commons.wikimedia.org/wiki/File:Mangla_Dam_PowerHouse.jpg,S zillayali,2012-06-30,CC BY-SA 3.0,Yes,LOW,DOCUMENTARY PHOTOGRAPH,Context / secondary layer,,research/1967_mangla_completed,"PREVIEW ONLY (low-res browser screen capture, ~190 px) — full-resolution file NOT included; open download_url or source_url to save it",research/1967_mangla_completed/previews/1967_mangla_dam_powerhouse__PREVIEW_lowres.jpg,https://commons.wikimedia.org/wiki/Special:FilePath/Mangla_Dam_PowerHouse.jpg,"CLEAR (CC BY-SA 3.0, attribution required)","No — openly licensed, attribution required",High,720x467,Mangla Dam PowerHouse.jpg,NOT DOWNLOADED — Wikimedia blocked by this session's network policy
E15,1968,Tarbela Dam Construction,1968_tarbela_usaid_overview.jpg,E — CONTEXT,USAID 2011 overview (no construction-era photo found on Commons).,Wikimedia Commons — original source: Flickr usaid_pakistan/5834885049,https://commons.wikimedia.org/wiki/File:Tarbela_Dam_USAID.jpg,USAID Pakistan,2011-04-28,Public domain,No (credit recommended),HIGH,DOCUMENTARY PHOTOGRAPH,Context / secondary layer,,research/1968_tarbela_construction,"PREVIEW ONLY (low-res browser screen capture, ~190 px) — full-resolution file NOT included; open download_url or source_url to save it",research/1968_tarbela_construction/previews/1968_tarbela_usaid_overview__PREVIEW_lowres.jpg,https://commons.wikimedia.org/wiki/Special:FilePath/Tarbela_Dam_USAID.jpg?width=3000,CLEAR (US Government work),Yes (US federal government work),High,3216x2136,Tarbela Dam USAID.jpg,NOT DOWNLOADED — Wikimedia blocked by this session's network policy
E16,1970,First General Election,1970_mujib_casting_ballot_1970.jpg,A — HERO,7 Dec 1970 — first general election on adult franchise.,Wikimedia Commons — original source: mujib100.gov.bd photo archive,https://commons.wikimedia.org/wiki/File:Sheikh_Mujibur_Rahman_casting_ballot_1970_election.jpg,Unknown,1970-12-07,Public domain,Recommended,HIGH,ORIGINAL HISTORICAL PHOTOGRAPH,Hero image — full-bleed cinematic section,,research/1970_election,"PREVIEW ONLY (low-res browser screen capture, ~190 px) — full-resolution file NOT included; open download_url or source_url to save it",research/1970_election/previews/1970_mujib_casting_ballot_1970__PREVIEW_lowres.jpg,https://commons.wikimedia.org/wiki/Special:FilePath/Sheikh_Mujibur_Rahman_casting_ballot_1970_election.jpg,LIKELY CLEAR (PD by age),Stated public domain on source page (verify where marked),High,2946x2079,Sheikh Mujibur Rahman casting ballot 1970 election.jpg,NOT DOWNLOADED — Wikimedia blocked by this session's network policy
E16,1970,First General Election,1970_bhutto_mazar_e_quaid_1969.jpg,B — ARCHIVE,"Bhutto at Mazar-e-Quaid, 1969.",Wikimedia Commons — original source: The National (UAE) article (weak provenance),https://commons.wikimedia.org/wiki/File:Ali_Bhutto_Karachi_1969.jpg,Unknown,1969,Public domain,Recommended,MEDIUM,ORIGINAL HISTORICAL PHOTOGRAPH,Supporting archive image / source drawer,Source is a news article; original archive unknown.,research/1970_election,"PREVIEW ONLY (low-res browser screen capture, ~190 px) — full-resolution file NOT included; open download_url or source_url to save it",research/1970_election/previews/1970_bhutto_mazar_e_quaid_1969__PREVIEW_lowres.jpg,https://commons.wikimedia.org/wiki/Special:FilePath/Ali_Bhutto_Karachi_1969.jpg,VERIFY BEFORE PUBLIC USE,Stated public domain on source page (verify where marked),Medium,1528x1131,Ali Bhutto Karachi 1969.jpg,NOT DOWNLOADED — Wikimedia blocked by this session's network policy
E16,1970,First General Election,1970_bhutto_portrait_gotfryd.jpg,B — ARCHIVE,"Bernard Gotfryd portrait (LoC), 1970s.","Wikimedia Commons — original source: Library of Congress, Prints & Photographs (Gotfryd collection)",https://commons.wikimedia.org/wiki/File:Zulfikar_Ali_Bhutto_Portrait_%28cropped_2%29.jpg,Bernard Gotfryd,1970s,Public domain,No (credit recommended),HIGH,ORIGINAL HISTORICAL PHOTOGRAPH,Supporting archive image / source drawer,,research/1970_election,"PREVIEW ONLY (low-res browser screen capture, ~190 px) — full-resolution file NOT included; open download_url or source_url to save it",research/1970_election/previews/1970_bhutto_portrait_gotfryd__PREVIEW_lowres.jpg,https://commons.wikimedia.org/wiki/Special:FilePath/Zulfikar_Ali_Bhutto_Portrait_%28cropped_2%29.jpg,"CLEAR (Gotfryd collection, Library of Congress — no known restrictions)",Yes (as stated on source),High,2457x3167,Zulfikar Ali Bhutto Portrait (cropped 2).jpg,NOT DOWNLOADED — Wikimedia blocked by this session's network policy
E16,1970,First General Election,1970_mujib_election_rally_1970.jpg,B — ARCHIVE,"Campaign, 1970.",Wikimedia Commons — original source: Dhaka Tribune (weak provenance),https://commons.wikimedia.org/wiki/File:Sheikh_Mujibur_Rahman_1970_election_campaign.jpg,Unknown,1970,Public domain,Recommended,MEDIUM,ORIGINAL HISTORICAL PHOTOGRAPH,Supporting archive image / source drawer,,research/1970_election,"PREVIEW ONLY (low-res browser screen capture, ~190 px) — full-resolution file NOT included; open download_url or source_url to save it",research/1970_election/previews/1970_mujib_election_rally_1970__PREVIEW_lowres.jpg,https://commons.wikimedia.org/wiki/Special:FilePath/Sheikh_Mujibur_Rahman_1970_election_campaign.jpg,VERIFY BEFORE PUBLIC USE,Stated public domain on source page (verify where marked),Medium,1600x1133,Sheikh Mujibur Rahman 1970 election campaign.jpg,NOT DOWNLOADED — Wikimedia blocked by this session's network policy
E16,1970,First General Election,1970_ptv_1970_election_coverage.jpg,B — ARCHIVE,"PTV results coverage, Dec 1970.",Wikimedia Commons — original source: VOA Bangla Facebook album,https://commons.wikimedia.org/wiki/File:Masuma_Khatun_1970_election_coverage_on_Pakistan_Television.jpg,Unknown,1970-12-07,Public domain,Recommended,LOW / HISTORICALLY IMPORTANT,ORIGINAL HISTORICAL PHOTOGRAPH,Supporting archive image / source drawer,,research/1970_election,"PREVIEW ONLY (low-res browser screen capture, ~190 px) — full-resolution file NOT included; open download_url or source_url to save it",research/1970_election/previews/1970_ptv_1970_election_coverage__PREVIEW_lowres.jpg,https://commons.wikimedia.org/wiki/Special:FilePath/Masuma_Khatun_1970_election_coverage_on_Pakistan_Television.jpg,VERIFY BEFORE PUBLIC USE,Stated public domain on source page (verify where marked),Medium,960x685,Masuma Khatun 1970 election coverage on Pakistan Television.jpg,NOT DOWNLOADED — Wikimedia blocked by this session's network policy
E16,1970,First General Election,1970_election_1970_nwfp_map.png,F — MAP,Results map (modern).,Wikimedia Commons — original source: Own work,https://commons.wikimedia.org/wiki/File:1970_Pakistani_general_election_in_North-West_Frontier_Province.png,Saad Ali Khan Pakistan,modern,CC BY-SA 4.0,Yes,MEDIUM,MAP,Map / geography layer,,research/maps,"PREVIEW ONLY (low-res browser screen capture, ~190 px) — full-resolution file NOT included; open download_url or source_url to save it",research/maps/previews/1970_election_1970_nwfp_map__PREVIEW_lowres.jpg,https://commons.wikimedia.org/wiki/Special:FilePath/1970_Pakistani_general_election_in_North-West_Frontier_Province.png,"CLEAR (CC BY-SA 4.0, attribution required)","No — openly licensed, attribution required",High,1622x1370,1970 Pakistani general election in North-West Frontier Province.png,NOT DOWNLOADED — Wikimedia blocked by this session's network policy
E17,1971,First Hockey World Cup,1971_pakistan_hockey_world_cup_trophy_oct1971.jpg,A — HERO,"Anefo, 31 Oct 1971 — the World Cup Pakistan had just won, shown in Amsterdam.",Wikimedia Commons — original source: Nationaal Archief 925-0964,https://commons.wikimedia.org/wiki/File:Hockey_Nederland_tegen_Pakistan_3-1%2C_Amsterdam%2C_de_Wereldcup_die_Pakistan_onlan%E2%80%A6%2C_Bestanddeelnr_925-0964.jpg,Rob Croes / Anefo,1971-10-31,CC0,No (credit recommended),HIGH,ORIGINAL HISTORICAL PHOTOGRAPH,Hero image — full-bleed cinematic section,,research/1971_hockey_world_cup,"PREVIEW ONLY (low-res browser screen capture, ~190 px) — full-resolution file NOT included; open download_url or source_url to save it",research/1971_hockey_world_cup/previews/1971_pakistan_hockey_world_cup_trophy_oct1971__PREVIEW_lowres.jpg,https://commons.wikimedia.org/wiki/Special:FilePath/Hockey_Nederland_tegen_Pakistan_3-1%2C_Amsterdam%2C_de_Wereldcup_die_Pakistan_onlan%E2%80%A6%2C_Bestanddeelnr_925-0964.jpg?width=3000,CLEAR (CC0),Yes (CC0 dedication),High,3672x2430,"Hockey Nederland tegen Pakistan 3-1, Amsterdam, de Wereldcup die Pakistan onlan…, Bestanddeelnr 925-0964.jpg",NOT DOWNLOADED — Wikimedia blocked by this session's network policy
E17,1971,First Hockey World Cup,1971_khalid_mahmood_1971.jpg,B — ARCHIVE,"Pakistan player, 1971 squad.",Wikimedia Commons — original source: Nationaal Archief 925-0964 (crop),https://commons.wikimedia.org/wiki/File:Khalid_Mahmood_%28cropped%29.jpg,Rob Croes / Anefo,1971-10-31,CC0,No (credit recommended),MEDIUM,ORIGINAL HISTORICAL PHOTOGRAPH,Supporting archive image / source drawer,,research/1971_hockey_world_cup,"PREVIEW ONLY (low-res browser screen capture, ~190 px) — full-resolution file NOT included; open download_url or source_url to save it",research/1971_hockey_world_cup/previews/1971_khalid_mahmood_1971__PREVIEW_lowres.jpg,https://commons.wikimedia.org/wiki/Special:FilePath/Khalid_Mahmood_%28cropped%29.jpg,CLEAR (CC0),Yes (CC0 dedication),High,773x1779,Khalid Mahmood (cropped).jpg,NOT DOWNLOADED — Wikimedia blocked by this session's network policy
E17,1971,First Hockey World Cup,1971_netherlands_pakistan_hockey_oct1971.jpg,B — ARCHIVE,Same match series.,Wikimedia Commons — original source: Nationaal Archief 925-0966,https://commons.wikimedia.org/wiki/File:Hockey_Nederland_tegen_Pakistan_3-1%2C_Amsterdam%2C_Bestanddeelnr_925-0966.jpg,Rob Croes / Anefo,1971-10-31,CC0,No (credit recommended),HIGH,ORIGINAL HISTORICAL PHOTOGRAPH,Supporting archive image / source drawer,,research/1971_hockey_world_cup,"PREVIEW ONLY (low-res browser screen capture, ~190 px) — full-resolution file NOT included; open download_url or source_url to save it",research/1971_hockey_world_cup/previews/1971_netherlands_pakistan_hockey_oct1971__PREVIEW_lowres.jpg,https://commons.wikimedia.org/wiki/Special:FilePath/Hockey_Nederland_tegen_Pakistan_3-1%2C_Amsterdam%2C_Bestanddeelnr_925-0966.jpg?width=3000,CLEAR (CC0),Yes (CC0 dedication),High,3672x2430,"Hockey Nederland tegen Pakistan 3-1, Amsterdam, Bestanddeelnr 925-0966.jpg",NOT DOWNLOADED — Wikimedia blocked by this session's network policy
E17,1971,First Hockey World Cup,1971_netherlands_pakistan_hockey_oct1971_b.jpg,B — ARCHIVE,Same match series.,Wikimedia Commons — original source: Nationaal Archief 925-0963,https://commons.wikimedia.org/wiki/File:Hockey_Nederland_tegen_Pakistan_3-1%2C_Amsterdam%2C_Bestanddeelnr_925-0963.jpg,Rob Croes / Anefo,1971-10-31,CC0,No (credit recommended),HIGH,ORIGINAL HISTORICAL PHOTOGRAPH,Supporting archive image / source drawer,,research/1971_hockey_world_cup,"PREVIEW ONLY (low-res browser screen capture, ~190 px) — full-resolution file NOT included; open download_url or source_url to save it",research/1971_hockey_world_cup/previews/1971_netherlands_pakistan_hockey_oct1971_b__PREVIEW_lowres.jpg,https://commons.wikimedia.org/wiki/Special:FilePath/Hockey_Nederland_tegen_Pakistan_3-1%2C_Amsterdam%2C_Bestanddeelnr_925-0963.jpg?width=3000,CLEAR (CC0),Yes (CC0 dedication),High,3672x2418,"Hockey Nederland tegen Pakistan 3-1, Amsterdam, Bestanddeelnr 925-0963.jpg",NOT DOWNLOADED — Wikimedia blocked by this session's network policy
E18,1971,East Pakistan Becomes Bangladesh,1971_surrender_signing_dhaka_16dec1971.jpg,B — ARCHIVE,Indian Navy (GODL-India) — signing in Dhaka.,Wikimedia Commons — original source: Indian Navy website,https://commons.wikimedia.org/wiki/File:1971_Instrument_of_Surrender.jpg,Indian Navy,1971-12-16,GODL-India,Yes,LOW / HISTORICALLY IMPORTANT,ORIGINAL HISTORICAL PHOTOGRAPH,Supporting archive image / source drawer,,research/1971,"PREVIEW ONLY (low-res browser screen capture, ~190 px) — full-resolution file NOT included; open download_url or source_url to save it",research/1971/previews/1971_surrender_signing_dhaka_16dec1971__PREVIEW_lowres.jpg,https://commons.wikimedia.org/wiki/Special:FilePath/1971_Instrument_of_Surrender.jpg,"CLEAR (GODL-India, attribution)","No — openly licensed, attribution required",High,936x666,1971 Instrument of Surrender.jpg,NOT DOWNLOADED — Wikimedia blocked by this session's network policy
E18,1971,East Pakistan Becomes Bangladesh,1971_instrument_of_surrender_1971.jpg,D — DOCUMENT,Document of 16 Dec 1971 (Bangladesh Ministry of Liberation War Affairs).,Wikimedia Commons — original source: Scanned from the original,https://commons.wikimedia.org/wiki/File:Pakistani_Instrument_of_Surrender_1971.jpg,Bangladesh Ministry of Liberation War Affairs (scan),1971-12-16,Public domain,Recommended,LOW / HISTORICALLY IMPORTANT,ORIGINAL DOCUMENT,Document panel (zoomable),,research/documents,"PREVIEW ONLY (low-res browser screen capture, ~190 px) — full-resolution file NOT included; open download_url or source_url to save it",research/documents/previews/1971_instrument_of_surrender_1971__PREVIEW_lowres.jpg,https://commons.wikimedia.org/wiki/Special:FilePath/Pakistani_Instrument_of_Surrender_1971.jpg,LIKELY CLEAR,Stated public domain on source page (verify where marked),High,680x1024,Pakistani Instrument of Surrender 1971.jpg,NOT DOWNLOADED — Wikimedia blocked by this session's network policy
E18,1971,East Pakistan Becomes Bangladesh,1971_white_paper_east_pakistan_crisis_1971.jpg,D — DOCUMENT,"Government of Pakistan White Paper, 5 Aug 1971 — the Pakistani official account.",Wikimedia Commons — original source: archive.org,https://commons.wikimedia.org/wiki/File:White_Paper-_East_Pakistan_Crisis_1971_cover.jpg,Government of Pakistan,1971-08-05,Public domain,Recommended,HIGH,ORIGINAL DOCUMENT,Document panel (zoomable),Official Pakistani account — pair with neutral/other sources (balance).,research/documents,"PREVIEW ONLY (low-res browser screen capture, ~190 px) — full-resolution file NOT included; open download_url or source_url to save it",research/documents/previews/1971_white_paper_east_pakistan_crisis_1971__PREVIEW_lowres.jpg,https://commons.wikimedia.org/wiki/Special:FilePath/White_Paper-_East_Pakistan_Crisis_1971_cover.jpg?width=2109,"LIKELY CLEAR (Govt of Pakistan 1971, PD by age)",Stated public domain on source page (verify where marked),High,2447x3480,White Paper- East Pakistan Crisis 1971 cover.jpg,NOT DOWNLOADED — Wikimedia blocked by this session's network policy
E18,1971,East Pakistan Becomes Bangladesh,1971_bhutto_1971.jpg,E — CONTEXT,"Bhutto, 21 Dec 1971 (took office 20 Dec).",Wikimedia Commons — original source: Dutch National Archives (ANEFO),https://commons.wikimedia.org/wiki/File:Zulfikar_Ali_Bhutto_1971.jpg,Unknown / ANEFO,1971-12-21,CC BY-SA 3.0 nl,Yes,MEDIUM,ORIGINAL HISTORICAL PHOTOGRAPH,Context / secondary layer,,research/1971,"PREVIEW ONLY (low-res browser screen capture, ~190 px) — full-resolution file NOT included; open download_url or source_url to save it",research/1971/previews/1971_bhutto_1971__PREVIEW_lowres.jpg,https://commons.wikimedia.org/wiki/Special:FilePath/Zulfikar_Ali_Bhutto_1971.jpg,"CLEAR (CC BY-SA 3.0 nl, attribution required)","No — openly licensed, attribution required",High,1892x2392,Zulfikar Ali Bhutto 1971.jpg,NOT DOWNLOADED — Wikimedia blocked by this session's network policy
E18,1971,East Pakistan Becomes Bangladesh,1971_bhutto_london_dec1971_anefo.jpg,E — CONTEXT,"Anefo, 21 Dec 1971.",Wikimedia Commons — original source: Nationaal Archief 925-2557,https://commons.wikimedia.org/wiki/File:President_Z_A_Bhutto_van_Pakistan_%28van_30_september_1965%29_Londen%2C_Bestanddeelnr_925-2557.jpg,Anefo (photographer unknown),1971-12-21,CC0,No (credit recommended),HIGH,ORIGINAL HISTORICAL PHOTOGRAPH,Context / secondary layer,,research/1971,"PREVIEW ONLY (low-res browser screen capture, ~190 px) — full-resolution file NOT included; open download_url or source_url to save it",research/1971/previews/1971_bhutto_london_dec1971_anefo__PREVIEW_lowres.jpg,https://commons.wikimedia.org/wiki/Special:FilePath/President_Z_A_Bhutto_van_Pakistan_%28van_30_september_1965%29_Londen%2C_Bestanddeelnr_925-2557.jpg?width=2459,CLEAR (CC0),Yes (CC0 dedication),High,2720x3318,"President Z A Bhutto van Pakistan (van 30 september 1965) Londen, Bestanddeelnr 925-2557.jpg",NOT DOWNLOADED — Wikimedia blocked by this session's network policy
E18,1971,East Pakistan Becomes Bangladesh,1971_refugees_sculpture_liberation_war_museum.jpg,E — CONTEXT,Museum sculpture (Bangladeshi framing) — RECONSTRUCTION/ARTWORK; use only with balanced caption.,Wikimedia Commons — original source: Flickr,https://commons.wikimedia.org/wiki/File:Sculpture_of_Refugees_from_1971_Genocide_-_Liberation_War_Museum_-_Dhaka_-_Bangladesh_%2812826707374%29.jpg,Adam Jones,2014-02-26,CC BY-SA 2.0,Yes,HIGH,ARTWORK / RECONSTRUCTION — NOT AN ORIGINAL HISTORICAL PHOTOGRAPH,Context / secondary layer,Museum framing is Bangladeshi; caption neutrally or omit.,research/1971,"PREVIEW ONLY (low-res browser screen capture, ~190 px) — full-resolution file NOT included; open download_url or source_url to save it",research/1971/previews/1971_refugees_sculpture_liberation_war_museum__PREVIEW_lowres.jpg,https://commons.wikimedia.org/wiki/Special:FilePath/Sculpture_of_Refugees_from_1971_Genocide_-_Liberation_War_Museum_-_Dhaka_-_Bangladesh_%2812826707374%29.jpg?width=3000,"CLEAR (CC BY-SA 2.0, attribution required)","No — openly licensed, attribution required",High,3648x2736,Sculpture of Refugees from 1971 Genocide - Liberation War Museum - Dhaka - Bangladesh (12826707374).jpg,NOT DOWNLOADED — Wikimedia blocked by this session's network policy
E19,1972,Simla Agreement,1972_bhutto_official_portrait_c1971.jpg,A — HERO,Official portrait c.1971 — no free Simla signing photo found.,Wikimedia Commons — original source: Publicity photo for autograph requests,https://commons.wikimedia.org/wiki/File:Z_A_Bhutto_%28President_of_Pakistan%29.jpg,Office of President Z. A. Bhutto (publicity photo),c.1971,Public domain,Recommended,MEDIUM,ORIGINAL HISTORICAL PHOTOGRAPH,Hero image — full-bleed cinematic section,,research/1972_simla,"PREVIEW ONLY (low-res browser screen capture, ~190 px) — full-resolution file NOT included; open download_url or source_url to save it",research/1972_simla/previews/1972_bhutto_official_portrait_c1971__PREVIEW_lowres.jpg,https://commons.wikimedia.org/wiki/Special:FilePath/Z_A_Bhutto_%28President_of_Pakistan%29.jpg,"LIKELY CLEAR (publicity photo, PD by age)",Stated public domain on source page (verify where marked),High,1406x2018,Z A Bhutto (President of Pakistan).jpg,NOT DOWNLOADED — Wikimedia blocked by this session's network policy
E19,1972,Simla Agreement,1972_un_treaty_series_vol858.jpg,D — DOCUMENT,UNTS vol. 858 (1973) — verify it contains the Simla Agreement before use.,Wikimedia Commons — original source: treaties.un.org,https://commons.wikimedia.org/wiki/File:UN_Treaty_Series_-_vol_858.pdf,Secretariat of the United Nations,1973,Public domain,No (credit recommended),MEDIUM,ORIGINAL DOCUMENT (treaty publication),Document panel (zoomable),Confirm the Simla Agreement is in this volume before use.,research/documents,"PREVIEW ONLY (low-res browser screen capture, ~190 px) — full-resolution file NOT included; open download_url or source_url to save it",research/documents/previews/1972_un_treaty_series_vol858__PREVIEW_lowres.jpg,https://commons.wikimedia.org/wiki/Special:FilePath/UN_Treaty_Series_-_vol_858.pdf?page=1&width=2000,CLEAR (UN treaty text),Yes (as stated on source),Medium,1050x1500,UN Treaty Series - vol 858.pdf,NOT DOWNLOADED — Wikimedia blocked by this session's network policy
E19,1972,Simla Agreement,1972_bhutto_benazir_shimla_1972.jpg,E — CONTEXT,2 July 1972 — Benazir Bhutto in Shimla during the summit (CC BY 4.0 claim; verify).,Wikimedia Commons — original source: oldcottonians.org,https://commons.wikimedia.org/wiki/File:R_K_von_Goldstein.jpg,Unknown,1972-07-02,CC BY 4.0 (uploader claim),Yes,LOW / HISTORICALLY IMPORTANT,ORIGINAL HISTORICAL PHOTOGRAPH,Context / secondary layer,"Benazir Bhutto at Bishop Cotton School, Shimla, 2 July 1972 (during the summit). CC licence claimed by uploader on a 1972 photo.",research/1972_simla,"PREVIEW ONLY (low-res browser screen capture, ~190 px) — full-resolution file NOT included; open download_url or source_url to save it",research/1972_simla/previews/1972_bhutto_benazir_shimla_1972__PREVIEW_lowres.jpg,https://commons.wikimedia.org/wiki/Special:FilePath/R_K_von_Goldstein.jpg,VERIFY BEFORE PUBLIC USE,"No — openly licensed, attribution required",Medium,640x394,R K von Goldstein.jpg,NOT DOWNLOADED — Wikimedia blocked by this session's network policy
E20,1973,Constitution of Pakistan,1973_bhutto_nixon_1973.jpg,A — HERO,"White House, 18 Sept 1973 — Bhutto in the year of the Constitution.",Wikimedia Commons — original source: Nixon Library / NARA,https://commons.wikimedia.org/wiki/File:NixonBhutto1973.jpg,"Robert L. Knudsen, White House Photo Office",1973-09-18,Public domain,No (credit recommended),MEDIUM,ORIGINAL HISTORICAL PHOTOGRAPH,Hero image — full-bleed cinematic section,,research/1973_constitution,"PREVIEW ONLY (low-res browser screen capture, ~190 px) — full-resolution file NOT included; open download_url or source_url to save it",research/1973_constitution/previews/1973_bhutto_nixon_1973__PREVIEW_lowres.jpg,https://commons.wikimedia.org/wiki/Special:FilePath/NixonBhutto1973.jpg,CLEAR (US Government work),Yes (US federal government work),High,1600x2337,NixonBhutto1973.jpg,NOT DOWNLOADED — Wikimedia blocked by this session's network policy
E20,1973,Constitution of Pakistan,1973_bhutto_schiphol_1973.jpg,B — ARCHIVE,"Anefo, 17 Sept 1973.",Wikimedia Commons — original source: Nationaal Archief 926-6875,https://commons.wikimedia.org/wiki/File:Premier_Bhoetto_van_Pakistan_met_vrouw_vertrekt_van_Schiphol%2C_Bestanddeelnr_926-6875.jpg,Rob Mieremet / Anefo,1973-09-17,CC0,No (credit recommended),HIGH,ORIGINAL HISTORICAL PHOTOGRAPH,Supporting archive image / source drawer,,research/1973_constitution,"PREVIEW ONLY (low-res browser screen capture, ~190 px) — full-resolution file NOT included; open download_url or source_url to save it",research/1973_constitution/previews/1973_bhutto_schiphol_1973__PREVIEW_lowres.jpg,https://commons.wikimedia.org/wiki/Special:FilePath/Premier_Bhoetto_van_Pakistan_met_vrouw_vertrekt_van_Schiphol%2C_Bestanddeelnr_926-6875.jpg,CLEAR (CC0),Yes (CC0 dedication),High,2524x2573,"Premier Bhoetto van Pakistan met vrouw vertrekt van Schiphol, Bestanddeelnr 926-6875.jpg",NOT DOWNLOADED — Wikimedia blocked by this session's network policy
E20,1973,Constitution of Pakistan,1973_bill_to_provide_constitution.jpg,D — DOCUMENT,Government bill — VERIFY which constitution (1956 or 1973) before use.,Wikimedia Commons — original source: Not stated,https://commons.wikimedia.org/wiki/File:A_Bill_to_Provide_Constitution_for_Islamic_Republic_of_Pakistan.pdf,Government of Pakistan,undated,Public domain,Recommended,MEDIUM,ORIGINAL DOCUMENT,Document panel (zoomable),Which constitution bill (1956 or 1973) is not stated — check page 1.,research/documents,"PREVIEW ONLY (low-res browser screen capture, ~190 px) — full-resolution file NOT included; open download_url or source_url to save it",research/documents/previews/1973_bill_to_provide_constitution__PREVIEW_lowres.jpg,https://commons.wikimedia.org/wiki/Special:FilePath/A_Bill_to_Provide_Constitution_for_Islamic_Republic_of_Pakistan.pdf?page=1&width=2000,VERIFY BEFORE PUBLIC USE,Stated public domain on source page (verify where marked),Low,910x1479,A Bill to Provide Constitution for Islamic Republic of Pakistan.pdf,NOT DOWNLOADED — Wikimedia blocked by this session's network policy
E20,1973,Constitution of Pakistan,1973_parliament_house_islamabad.jpg,E — CONTEXT,Parliament House (modern).,Wikimedia Commons — original source: Own work,https://commons.wikimedia.org/wiki/File:Parliament_House%2C_Islamabad_by_Usman_Ghani.jpg,Usman.pg,2004-12-06,CC BY-SA 3.0,Yes,MEDIUM,DOCUMENTARY PHOTOGRAPH,Context / secondary layer,,research/1973_constitution,"PREVIEW ONLY (low-res browser screen capture, ~190 px) — full-resolution file NOT included; open download_url or source_url to save it",research/1973_constitution/previews/1973_parliament_house_islamabad__PREVIEW_lowres.jpg,https://commons.wikimedia.org/wiki/Special:FilePath/Parliament_House%2C_Islamabad_by_Usman_Ghani.jpg,"CLEAR (CC BY-SA 3.0, attribution required)","No — openly licensed, attribution required",High,1746x1164,"Parliament House, Islamabad by Usman Ghani.jpg",NOT DOWNLOADED — Wikimedia blocked by this session's network policy
E21,1974,Tarbela Dam Completed,1974_tarbela_dam_at_night.jpg,A — HERO,Cinematic night view.,Wikimedia Commons — original source: Own work,https://commons.wikimedia.org/wiki/File:Tarbela_Dam_at_Night.jpg,Asad Saleh Hayat,2016-08-15,CC BY-SA 4.0,Yes,HIGH,DOCUMENTARY PHOTOGRAPH,Hero image — full-bleed cinematic section,,research/1974_tarbela_completed,"PREVIEW ONLY (low-res browser screen capture, ~190 px) — full-resolution file NOT included; open download_url or source_url to save it",research/1974_tarbela_completed/previews/1974_tarbela_dam_at_night__PREVIEW_lowres.jpg,https://commons.wikimedia.org/wiki/Special:FilePath/Tarbela_Dam_at_Night.jpg?width=3000,"CLEAR (CC BY-SA 4.0, attribution required)","No — openly licensed, attribution required",High,5555x3250,Tarbela Dam at Night.jpg,NOT DOWNLOADED — Wikimedia blocked by this session's network policy
E21,1974,Tarbela Dam Completed,1974_tarbela_hydro_power_station_usaid.jpg,B — ARCHIVE,"USAID, 2011.",Wikimedia Commons — original source: Flickr usaid_pakistan,https://commons.wikimedia.org/wiki/File:Tarbela_Hydro_Power_Station_2011_DSC_4294_%285835436576%29.jpg,USAID Pakistan,2011-04-28,Public domain,No (credit recommended),HIGH,DOCUMENTARY PHOTOGRAPH,Supporting archive image / source drawer,,research/1974_tarbela_completed,"PREVIEW ONLY (low-res browser screen capture, ~190 px) — full-resolution file NOT included; open download_url or source_url to save it",research/1974_tarbela_completed/previews/1974_tarbela_hydro_power_station_usaid__PREVIEW_lowres.jpg,https://commons.wikimedia.org/wiki/Special:FilePath/Tarbela_Hydro_Power_Station_2011_DSC_4294_%285835436576%29.jpg?width=3000,CLEAR (US Government work),Yes (US federal government work),High,3216x2136,Tarbela Hydro Power Station 2011 DSC 4294 (5835436576).jpg,NOT DOWNLOADED — Wikimedia blocked by this session's network policy
E21,1974,Tarbela Dam Completed,1974_tarbela_spillway_usaid.jpg,B — ARCHIVE,"USAID, 2011.",Wikimedia Commons — original source: Flickr usaid_pakistan,https://commons.wikimedia.org/wiki/File:Tarbela_Dam_spillway_DSC_4280_%285835435528%29.jpg,USAID Pakistan,2011-04-28,Public domain,No (credit recommended),HIGH,DOCUMENTARY PHOTOGRAPH,Supporting archive image / source drawer,,research/1974_tarbela_completed,"PREVIEW ONLY (low-res browser screen capture, ~190 px) — full-resolution file NOT included; open download_url or source_url to save it",research/1974_tarbela_completed/previews/1974_tarbela_spillway_usaid__PREVIEW_lowres.jpg,https://commons.wikimedia.org/wiki/Special:FilePath/Tarbela_Dam_spillway_DSC_4280_%285835435528%29.jpg?width=3000,CLEAR (US Government work),Yes (US federal government work),High,3216x2136,Tarbela Dam spillway DSC 4280 (5835435528).jpg,NOT DOWNLOADED — Wikimedia blocked by this session's network policy
E21,1974,Tarbela Dam Completed,1974_tarbela_lake_haripur.jpg,E — CONTEXT,Reservoir landscape.,Wikimedia Commons — original source: Own work,https://commons.wikimedia.org/wiki/File:Tarbela_Dam%2C_Haripur.jpg,Junaid8181,2014-04-10,CC BY-SA 4.0,Yes,HIGH,DOCUMENTARY PHOTOGRAPH,Context / secondary layer,,research/1974_tarbela_completed,"PREVIEW ONLY (low-res browser screen capture, ~190 px) — full-resolution file NOT included; open download_url or source_url to save it",research/1974_tarbela_completed/previews/1974_tarbela_lake_haripur__PREVIEW_lowres.jpg,https://commons.wikimedia.org/wiki/Special:FilePath/Tarbela_Dam%2C_Haripur.jpg?width=3000,"CLEAR (CC BY-SA 4.0, attribution required)","No — openly licensed, attribution required",High,3264x2448,"Tarbela Dam, Haripur.jpg",NOT DOWNLOADED — Wikimedia blocked by this session's network policy
E22,1977,Zia-ul-Haq Takes Power,1977_zia_reagan_white_house_1982.jpg,A — HERO,"Reagan Library, 7 Dec 1982. No free photo of July 1977 itself.",Wikimedia Commons — original source: NARA via DPLA,https://commons.wikimedia.org/wiki/File:President_Ronald_Reagan_at_The_Arrival_Ceremony_for_The_State_Visit_of_President_Mohammad_Zia_Ul_Haq_of_Pakistan_on_The_South_Lawn_-_DPLA_-_7ee18a56622893ae1867c7336da8e9d1.jpg,White House Photographic Office (Reagan),1982-12-07,Public domain,No (credit recommended),HIGH,ORIGINAL HISTORICAL PHOTOGRAPH,Hero image — full-bleed cinematic section,,research/1977_zia,"PREVIEW ONLY (low-res browser screen capture, ~190 px) — full-resolution file NOT included; open download_url or source_url to save it",research/1977_zia/previews/1977_zia_reagan_white_house_1982__PREVIEW_lowres.jpg,https://commons.wikimedia.org/wiki/Special:FilePath/President_Ronald_Reagan_at_The_Arrival_Ceremony_for_The_State_Visit_of_President_Mohammad_Zia_Ul_Haq_of_Pakistan_on_The_South_Lawn_-_DPLA_-_7ee18a56622893ae1867c7336da8e9d1.jpg?width=1996,CLEAR (US Government work),Yes (US federal government work),High,2662x4000,President Ronald Reagan at The Arrival Ceremony for The State Visit of President Mohammad Zia Ul Haq of Pakistan on The South Lawn - DPLA - 7ee18a56622893ae1867c7336da8e9d1.jpg,NOT DOWNLOADED — Wikimedia blocked by this session's network policy
E22,1977,Zia-ul-Haq Takes Power,1977_zia_oval_office_1982.jpg,B — ARCHIVE,"Reagan Library, 1982.",Wikimedia Commons — original source: NARA via DPLA,https://commons.wikimedia.org/wiki/File:President_Ronald_Reagan_in_Meeting_with_President_Mohammad_Zia_Ul_Haq_of_Pakistan_in_Oval_Office_-_DPLA_-_eefc4fe9db7b6d32f496c5bf18efdd6d.jpg,White House Photographic Office (Reagan),1982-12-07,Public domain,No (credit recommended),HIGH,ORIGINAL HISTORICAL PHOTOGRAPH,Supporting archive image / source drawer,,research/1977_zia,"PREVIEW ONLY (low-res browser screen capture, ~190 px) — full-resolution file NOT included; open download_url or source_url to save it",research/1977_zia/previews/1977_zia_oval_office_1982__PREVIEW_lowres.jpg,https://commons.wikimedia.org/wiki/Special:FilePath/President_Ronald_Reagan_in_Meeting_with_President_Mohammad_Zia_Ul_Haq_of_Pakistan_in_Oval_Office_-_DPLA_-_eefc4fe9db7b6d32f496c5bf18efdd6d.jpg?width=3000,CLEAR (US Government work),Yes (US federal government work),High,4000x2642,President Ronald Reagan in Meeting with President Mohammad Zia Ul Haq of Pakistan in Oval Office - DPLA - eefc4fe9db7b6d32f496c5bf18efdd6d.jpg,NOT DOWNLOADED — Wikimedia blocked by this session's network policy
E22,1977,Zia-ul-Haq Takes Power,1977_zia_portrait_1982.jpg,B — ARCHIVE,"Reagan White House, 1982.",Wikimedia Commons — original source: NARA,https://commons.wikimedia.org/wiki/File:President_Mohammad_Zia_Ul_Haq.jpg,Reagan White House Photographs,1982-12-07,Public domain,No (credit recommended),LOW / HISTORICALLY IMPORTANT,ORIGINAL HISTORICAL PHOTOGRAPH,Supporting archive image / source drawer,,research/1977_zia,"PREVIEW ONLY (low-res browser screen capture, ~190 px) — full-resolution file NOT included; open download_url or source_url to save it",research/1977_zia/previews/1977_zia_portrait_1982__PREVIEW_lowres.jpg,https://commons.wikimedia.org/wiki/Special:FilePath/President_Mohammad_Zia_Ul_Haq.jpg,CLEAR (US Government work),Yes (US federal government work),High,666x1000,President Mohammad Zia Ul Haq.jpg,NOT DOWNLOADED — Wikimedia blocked by this session's network policy
E22,1977,Zia-ul-Haq Takes Power,1977_election_1977_map.png,F — MAP,1977 election results map (modern).,Wikimedia Commons — original source: Own work,https://commons.wikimedia.org/wiki/File:Pakistan_General_eleciton_1977_map.png,Saad Ali Khan Pakistan,modern,CC BY-SA 4.0,Yes,HIGH,MAP,Map / geography layer,,research/maps,"PREVIEW ONLY (low-res browser screen capture, ~190 px) — full-resolution file NOT included; open download_url or source_url to save it",research/maps/previews/1977_election_1977_map__PREVIEW_lowres.jpg,https://commons.wikimedia.org/wiki/Special:FilePath/Pakistan_General_eleciton_1977_map.png?width=3000,"CLEAR (CC BY-SA 4.0, attribution required)","No — openly licensed, attribution required",High,3640x2924,Pakistan General eleciton 1977 map.png,NOT DOWNLOADED — Wikimedia blocked by this session's network policy
E23,1978,Karakoram Highway Opens,1978_kkh_rakaposhi.jpg,A — HERO,Cinematic KKH landscape.,Wikimedia Commons — original source: Own work,https://commons.wikimedia.org/wiki/File:Rakaposhi_from_Karakoram_Highway.jpg,Fareehaz,2015-08-17,CC BY-SA 4.0,Yes,HIGH,DOCUMENTARY PHOTOGRAPH,Hero image — full-bleed cinematic section,,research/1978_karakoram_highway,"PREVIEW ONLY (low-res browser screen capture, ~190 px) — full-resolution file NOT included; open download_url or source_url to save it",research/1978_karakoram_highway/previews/1978_kkh_rakaposhi__PREVIEW_lowres.jpg,https://commons.wikimedia.org/wiki/Special:FilePath/Rakaposhi_from_Karakoram_Highway.jpg?width=3000,"CLEAR (CC BY-SA 4.0, attribution required)","No — openly licensed, attribution required",High,5184x3456,Rakaposhi from Karakoram Highway.jpg,NOT DOWNLOADED — Wikimedia blocked by this session's network policy
E23,1978,Karakoram Highway Opens,1978_khunjerab_commemorative_sign.jpg,B — ARCHIVE,Commemorative sign at the pass.,Wikimedia Commons — original source: Flickr prestonrhea/5017030790,https://commons.wikimedia.org/wiki/File:Commemorative_Sign_at_Khunjerab_Pass.jpg,Preston Rhea,2010-09-09,CC BY-SA 2.0,Yes,HIGH,DOCUMENTARY PHOTOGRAPH,Supporting archive image / source drawer,,research/1978_karakoram_highway,"PREVIEW ONLY (low-res browser screen capture, ~190 px) — full-resolution file NOT included; open download_url or source_url to save it",research/1978_karakoram_highway/previews/1978_khunjerab_commemorative_sign__PREVIEW_lowres.jpg,https://commons.wikimedia.org/wiki/Special:FilePath/Commemorative_Sign_at_Khunjerab_Pass.jpg,"CLEAR (CC BY-SA 2.0, attribution required)","No — openly licensed, attribution required",High,2898x2314,Commemorative Sign at Khunjerab Pass.jpg,NOT DOWNLOADED — Wikimedia blocked by this session's network policy
E23,1978,Karakoram Highway Opens,1978_kkh_khunjerab_2007.jpg,B — ARCHIVE,Khunjerab crossing.,Wikimedia Commons — original source: Own work,https://commons.wikimedia.org/wiki/File:2007_08_21_China_Pakistan_Karakoram_Highway_Khunjerab_Pass_IMG_7379.jpg,Anthony Maw,2007-08-21,CC BY-SA 3.0,Yes,LOW,DOCUMENTARY PHOTOGRAPH,Supporting archive image / source drawer,,research/1978_karakoram_highway,"PREVIEW ONLY (low-res browser screen capture, ~190 px) — full-resolution file NOT included; open download_url or source_url to save it",research/1978_karakoram_highway/previews/1978_kkh_khunjerab_2007__PREVIEW_lowres.jpg,https://commons.wikimedia.org/wiki/Special:FilePath/2007_08_21_China_Pakistan_Karakoram_Highway_Khunjerab_Pass_IMG_7379.jpg,"CLEAR (CC BY-SA 3.0, attribution required)","No — openly licensed, attribution required",High,1024x642,2007 08 21 China Pakistan Karakoram Highway Khunjerab Pass IMG 7379.jpg,NOT DOWNLOADED — Wikimedia blocked by this session's network policy
E23,1978,Karakoram Highway Opens,1978_kkh_tunnel_chalt.jpg,B — ARCHIVE,Engineering on the KKH.,Wikimedia Commons — original source: Own work,https://commons.wikimedia.org/wiki/File:Karakoram_Highway_in_Chalt_and_a_tunnel_on_the_highway.jpg,jameel ahmed,2014-07-21,CC BY-SA 4.0,Yes,HIGH,DOCUMENTARY PHOTOGRAPH,Supporting archive image / source drawer,,research/1978_karakoram_highway,"PREVIEW ONLY (low-res browser screen capture, ~190 px) — full-resolution file NOT included; open download_url or source_url to save it",research/1978_karakoram_highway/previews/1978_kkh_tunnel_chalt__PREVIEW_lowres.jpg,https://commons.wikimedia.org/wiki/Special:FilePath/Karakoram_Highway_in_Chalt_and_a_tunnel_on_the_highway.jpg?width=3000,"CLEAR (CC BY-SA 4.0, attribution required)","No — openly licensed, attribution required",High,5184x2668,Karakoram Highway in Chalt and a tunnel on the highway.jpg,NOT DOWNLOADED — Wikimedia blocked by this session's network policy
E23,1978,Karakoram Highway Opens,1978_karakoram_glaciers_iss_2023.jpg,E — CONTEXT,"Glaciers of the Karakoram from the ISS, 2023 — terrain the KKH crosses.",NASA ISS069-E-60266,NASA ISS069-E-60266,NASA,2023,Public domain (NASA),No (credit recommended),see file,SATELLITE / ORBITAL PHOTOGRAPH,Context / secondary layer,Already on disk from an earlier session (MEDIA/ASSETS/free); copied into this folder.,research/1978_karakoram_highway,"FULL FILE (original resolution, from project MEDIA/ASSETS/free)",research/1978_karakoram_highway/1978_karakoram_glaciers_iss_2023.jpg,,CLEAR,Yes (NASA),High,,NASA_iss069e060266.jpg,INCLUDED IN ZIP (full file)
E23,1978,Karakoram Highway Opens,1978_kkh_altit_view.jpg,E — CONTEXT,KKH through Hunza.,Wikimedia Commons — original source: Own work,https://commons.wikimedia.org/wiki/File:Karakoram_Highway_view_from_Altit_fort.jpg,Shakeelgilgity,2019-04-21,CC BY-SA 4.0,Yes,HIGH,DOCUMENTARY PHOTOGRAPH,Context / secondary layer,,research/1978_karakoram_highway,"PREVIEW ONLY (low-res browser screen capture, ~190 px) — full-resolution file NOT included; open download_url or source_url to save it",research/1978_karakoram_highway/previews/1978_kkh_altit_view__PREVIEW_lowres.jpg,https://commons.wikimedia.org/wiki/Special:FilePath/Karakoram_Highway_view_from_Altit_fort.jpg?width=3000,"CLEAR (CC BY-SA 4.0, attribution required)","No — openly licensed, attribution required",High,4128x3096,Karakoram Highway view from Altit fort.jpg,NOT DOWNLOADED — Wikimedia blocked by this session's network policy
E23,1978,Karakoram Highway Opens,1978_kkh_landslide.jpg,E — CONTEXT,The hazards that made construction costly.,Wikimedia Commons — original source: not stated,https://commons.wikimedia.org/wiki/File:Landslide_on_Karakoram_Highway_in_Pakistan.jpg,not stated,undated,CC BY-SA 3.0,Yes,LOW / HISTORICALLY IMPORTANT,ORIGINAL HISTORICAL PHOTOGRAPH,Context / secondary layer,No author recorded on file page.,research/1978_karakoram_highway,"PREVIEW ONLY (low-res browser screen capture, ~190 px) — full-resolution file NOT included; open download_url or source_url to save it",research/1978_karakoram_highway/previews/1978_kkh_landslide__PREVIEW_lowres.jpg,https://commons.wikimedia.org/wiki/Special:FilePath/Landslide_on_Karakoram_Highway_in_Pakistan.jpg,VERIFY BEFORE PUBLIC USE,"No — openly licensed, attribution required",Medium,876x592,Landslide on Karakoram Highway in Pakistan.jpg,NOT DOWNLOADED — Wikimedia blocked by this session's network policy
E25,1979,Abdus Salam Wins Nobel Prize,1979_abdus_salam_1987_anefo.jpg,A — HERO,"Anefo / Bart Molendijk, Amsterdam 1987 (CC BY-SA 3.0 NL).",Wikimedia Commons — original source: Dutch National Archives (ANeFo),https://commons.wikimedia.org/wiki/File:Abdus_Salam_1987.jpg,Bart Molendijk / Anefo,1987-05-30,CC BY-SA 3.0 nl,Yes,MEDIUM,ORIGINAL HISTORICAL PHOTOGRAPH,Hero image — full-bleed cinematic section,,research/1979_abdus_salam,"PREVIEW ONLY (low-res browser screen capture, ~190 px) — full-resolution file NOT included; open download_url or source_url to save it",research/1979_abdus_salam/previews/1979_abdus_salam_1987_anefo__PREVIEW_lowres.jpg,https://commons.wikimedia.org/wiki/Special:FilePath/Abdus_Salam_1987.jpg,"CLEAR (CC BY-SA 3.0 NL, attribution)","No — openly licensed, attribution required",High,1520x1872,Abdus Salam 1987.jpg,NOT DOWNLOADED — Wikimedia blocked by this session's network policy
E25,1979,Abdus Salam Wins Nobel Prize,1979_abdus_salam_1955_aip.jpg,B — ARCHIVE,AIP Emilio Segrè Visual Archives — attribution licence; check terms.,Wikimedia Commons — original source: repository.aip.org,https://commons.wikimedia.org/wiki/File:Abdus_Salam_1955.jpg,"AIP Emilio Segrè Visual Archives, Marshak Collection",1955,Attribution (AIP terms),Yes,HIGH,ORIGINAL HISTORICAL PHOTOGRAPH,Supporting archive image / source drawer,AIP Emilio Segrè Visual Archives — attribution terms; confirm permitted use.,research/1979_abdus_salam,"PREVIEW ONLY (low-res browser screen capture, ~190 px) — full-resolution file NOT included; open download_url or source_url to save it",research/1979_abdus_salam/previews/1979_abdus_salam_1955_aip__PREVIEW_lowres.jpg,https://commons.wikimedia.org/wiki/Special:FilePath/Abdus_Salam_1955.jpg,VERIFY BEFORE PUBLIC USE,Unclear,High,2425x3093,Abdus Salam 1955.jpg,NOT DOWNLOADED — Wikimedia blocked by this session's network policy
E25,1979,Abdus Salam Wins Nobel Prize,1979_abdus_salam_lecture.jpg,B — ARCHIVE,Salam lecturing (1989).,Wikimedia Commons — original source: Own work,https://commons.wikimedia.org/wiki/File:Abdus_Salam_lecture.jpg,Jimiwo,1989-10-01,CC BY-SA 3.0,Yes,MEDIUM,ORIGINAL HISTORICAL PHOTOGRAPH,Supporting archive image / source drawer,,research/1979_abdus_salam,"PREVIEW ONLY (low-res browser screen capture, ~190 px) — full-resolution file NOT included; open download_url or source_url to save it",research/1979_abdus_salam/previews/1979_abdus_salam_lecture__PREVIEW_lowres.jpg,https://commons.wikimedia.org/wiki/Special:FilePath/Abdus_Salam_lecture.jpg,"CLEAR (CC BY-SA 3.0, attribution required)","No — openly licensed, attribution required",High,900x1318,Abdus Salam lecture.jpg,NOT DOWNLOADED — Wikimedia blocked by this session's network policy
E25,1979,Abdus Salam Wins Nobel Prize,1979_ictp_trieste.jpg,E — CONTEXT,"ICTP, the centre Salam founded.",Wikimedia Commons — original source: Transferred from en.wikipedia,https://commons.wikimedia.org/wiki/File:International_Centre_for_Theoretical_Physics.jpg,Pinots,2006-06-03,CC BY-SA 3.0,Yes,LOW,DOCUMENTARY PHOTOGRAPH,Context / secondary layer,,research/1979_abdus_salam,"PREVIEW ONLY (low-res browser screen capture, ~190 px) — full-resolution file NOT included; open download_url or source_url to save it",research/1979_abdus_salam/previews/1979_ictp_trieste__PREVIEW_lowres.jpg,https://commons.wikimedia.org/wiki/Special:FilePath/International_Centre_for_Theoretical_Physics.jpg,"CLEAR (CC BY-SA 3.0, attribution required)","No — openly licensed, attribution required",High,469x336,International Centre for Theoretical Physics.jpg,NOT DOWNLOADED — Wikimedia blocked by this session's network policy
E25,1979,Abdus Salam Wins Nobel Prize,1979_route_abdus_salam_cern.png,E — CONTEXT,Road named after Salam at CERN.,Wikimedia Commons — original source: Own work,https://commons.wikimedia.org/wiki/File:Routeabdussalam.png,User:The Fish,2008-05-31,CC BY-SA 3.0,Yes,LOW,DOCUMENTARY PHOTOGRAPH,Context / secondary layer,,research/1979_abdus_salam,"PREVIEW ONLY (low-res browser screen capture, ~190 px) — full-resolution file NOT included; open download_url or source_url to save it",research/1979_abdus_salam/previews/1979_route_abdus_salam_cern__PREVIEW_lowres.jpg,https://commons.wikimedia.org/wiki/Special:FilePath/Routeabdussalam.png,"CLEAR (CC BY-SA 3.0, attribution required)","No — openly licensed, attribution required",High,1019x350,Routeabdussalam.png,NOT DOWNLOADED — Wikimedia blocked by this session's network policy
E26,1981,Pakistan Steel Mills,1981_chittagong_steel_mill_stamp_1969.jpg,E — CONTEXT,1969 Pakistan stamp — early steel ambition (East Pakistan).,Wikimedia Commons — original source: Stamp,https://commons.wikimedia.org/wiki/File:Chittagong_Steel_Mill_on_Pakistan_stamp.jpg,Pakistan Post,1969-01-07,Public domain,Recommended,LOW / HISTORICALLY IMPORTANT,"ORIGINAL OBJECT (stamp, 1969)",Context / secondary layer,,research/1981_steel_mills,"PREVIEW ONLY (low-res browser screen capture, ~190 px) — full-resolution file NOT included; open download_url or source_url to save it",research/1981_steel_mills/previews/1981_chittagong_steel_mill_stamp_1969__PREVIEW_lowres.jpg,https://commons.wikimedia.org/wiki/Special:FilePath/Chittagong_Steel_Mill_on_Pakistan_stamp.jpg,LIKELY CLEAR,Stated public domain on source page (verify where marked),High,384x250,Chittagong Steel Mill on Pakistan stamp.jpg,NOT DOWNLOADED — Wikimedia blocked by this session's network policy
E26,1981,Pakistan Steel Mills,1981_pakistan_steel_town_karachi.jpg,E — CONTEXT,Steel Town township (no free plant photo found).,Wikimedia Commons — original source: Panoramio (archived),https://commons.wikimedia.org/wiki/File:Pakistan_Steel_Town%2C_Karachi%2C_Pakistan_-_panoramio.jpg,shoaib2010,2010-09-05,CC BY 3.0,Yes,MEDIUM,DOCUMENTARY PHOTOGRAPH,Context / secondary layer,,research/1981_steel_mills,"PREVIEW ONLY (low-res browser screen capture, ~190 px) — full-resolution file NOT included; open download_url or source_url to save it",research/1981_steel_mills/previews/1981_pakistan_steel_town_karachi__PREVIEW_lowres.jpg,https://commons.wikimedia.org/wiki/Special:FilePath/Pakistan_Steel_Town%2C_Karachi%2C_Pakistan_-_panoramio.jpg,"CLEAR (CC BY 3.0, attribution required)","No — openly licensed, attribution required",High,2048x1536,"Pakistan Steel Town, Karachi, Pakistan - panoramio.jpg",NOT DOWNLOADED — Wikimedia blocked by this session's network policy
E29,1985,Martial Law Lifted,1985_junejo_reagan_1986.jpg,A — HERO,"Reagan Library, 16 July 1986 — PM Junejo, whose government took office under the lifted martial law.",Wikimedia Commons — original source: NARA via DPLA,https://commons.wikimedia.org/wiki/File:President_Ronald_Reagan_Nancy_Reagan_and_Mohammed_Khan_Junejo_on_the_North_Portico_before_a_state_dinner_for_Prime_Minister_Junejo_of_Pakistan_-_DPLA_-_0b544667f753f648fed094b97a8e81c1.jpg,White House Photographic Office (Reagan),1986-07-16,Public domain,No (credit recommended),HIGH,ORIGINAL HISTORICAL PHOTOGRAPH,Hero image — full-bleed cinematic section,,research/1985_martial_law_lifted,"PREVIEW ONLY (low-res browser screen capture, ~190 px) — full-resolution file NOT included; open download_url or source_url to save it",research/1985_martial_law_lifted/previews/1985_junejo_reagan_1986__PREVIEW_lowres.jpg,https://commons.wikimedia.org/wiki/Special:FilePath/President_Ronald_Reagan_Nancy_Reagan_and_Mohammed_Khan_Junejo_on_the_North_Portico_before_a_state_dinner_for_Prime_Minister_Junejo_of_Pakistan_-_DPLA_-_0b544667f753f648fed094b97a8e81c1.jpg?width=3000,CLEAR (US Government work),Yes (US federal government work),High,4000x2659,President Ronald Reagan Nancy Reagan and Mohammed Khan Junejo on the North Portico before a state dinner for Prime Minister Junejo of Pakistan - DPLA - 0b544667f753f648fed094b97a8e81c1.jpg,NOT DOWNLOADED — Wikimedia blocked by this session's network policy
E29,1985,Martial Law Lifted,1985_junejo_sharif_dawood_lunch.jpg,B — ARCHIVE,The Dawood Foundation.,"Wikimedia Commons — original source: Flickr, The Dawood Foundation",https://commons.wikimedia.org/wiki/File:Muhammad_Khan_Junejo%2C_Ahmed_Dawood_and_Nawaz_Sharif_having_lunch.jpg,The Dawood Foundation,undated (1980s),Public domain (uploader claim),Recommended,HIGH,ORIGINAL HISTORICAL PHOTOGRAPH,Supporting archive image / source drawer,Dawood Foundation Flickr; licence on Flickr should be checked.,research/1985_martial_law_lifted,"PREVIEW ONLY (low-res browser screen capture, ~190 px) — full-resolution file NOT included; open download_url or source_url to save it",research/1985_martial_law_lifted/previews/1985_junejo_sharif_dawood_lunch__PREVIEW_lowres.jpg,https://commons.wikimedia.org/wiki/Special:FilePath/Muhammad_Khan_Junejo%2C_Ahmed_Dawood_and_Nawaz_Sharif_having_lunch.jpg?width=3000,VERIFY BEFORE PUBLIC USE,Stated public domain on source page (verify where marked),Medium,3404x2309,"Muhammad Khan Junejo, Ahmed Dawood and Nawaz Sharif having lunch.jpg",NOT DOWNLOADED — Wikimedia blocked by this session's network policy
E29,1985,Martial Law Lifted,1985_election_1985_map.png,F — MAP,1985 non-party election map.,Wikimedia Commons — original source: Own work,https://commons.wikimedia.org/wiki/File:Pakistan_General_election_1985.png,Saad Ali Khan Pakistan,modern,CC BY-SA 4.0,Yes,HIGH,MAP,Map / geography layer,,research/maps,"PREVIEW ONLY (low-res browser screen capture, ~190 px) — full-resolution file NOT included; open download_url or source_url to save it",research/maps/previews/1985_election_1985_map__PREVIEW_lowres.jpg,https://commons.wikimedia.org/wiki/Special:FilePath/Pakistan_General_election_1985.png?width=3000,"CLEAR (CC BY-SA 4.0, attribution required)","No — openly licensed, attribution required",High,3588x2920,Pakistan General election 1985.png,NOT DOWNLOADED — Wikimedia blocked by this session's network policy
E30,1988,Zia-ul-Haq Dies,1988_zia_mausoleum_islamabad.jpg,A — HERO,Zia's tomb beside Faisal Mosque (CC0).,Wikimedia Commons — original source: Own work,https://commons.wikimedia.org/wiki/File:Mausoleum_Zia-ul-Haq.jpg,Harvey Kneeslapper,2024-08-28,CC0,No (credit recommended),HIGH,MODERN PHOTOGRAPH OF HISTORICAL SITE,Hero image — full-bleed cinematic section,,research/1988_zia_death,"PREVIEW ONLY (low-res browser screen capture, ~190 px) — full-resolution file NOT included; open download_url or source_url to save it",research/1988_zia_death/previews/1988_zia_mausoleum_islamabad__PREVIEW_lowres.jpg,https://commons.wikimedia.org/wiki/Special:FilePath/Mausoleum_Zia-ul-Haq.jpg,CLEAR (CC0),Yes (CC0 dedication),High,2992x2992,Mausoleum Zia-ul-Haq.jpg,NOT DOWNLOADED — Wikimedia blocked by this session's network policy
E30,1988,Zia-ul-Haq Dies,1988_dutch_pm_condolence_register_aug1988.jpg,B — ARCHIVE,"Anefo, 19 Aug 1988 — Dutch PM signs condolence book.",Wikimedia Commons — original source: Nationaal Archief 934-2987,https://commons.wikimedia.org/wiki/File:Premier_Lubbers_tekent_in_Pakistaanse_ambassade_het_condoleanceregister_presiden%2C_Bestanddeelnr_934-2987.jpg,Rob Croes / Anefo,1988-08-19,CC0,No (credit recommended),HIGH,ORIGINAL HISTORICAL PHOTOGRAPH,Supporting archive image / source drawer,,research/1988_zia_death,"PREVIEW ONLY (low-res browser screen capture, ~190 px) — full-resolution file NOT included; open download_url or source_url to save it",research/1988_zia_death/previews/1988_dutch_pm_condolence_register_aug1988__PREVIEW_lowres.jpg,https://commons.wikimedia.org/wiki/Special:FilePath/Premier_Lubbers_tekent_in_Pakistaanse_ambassade_het_condoleanceregister_presiden%2C_Bestanddeelnr_934-2987.jpg?width=1990,CLEAR (CC0),Yes (CC0 dedication),High,2481x3739,"Premier Lubbers tekent in Pakistaanse ambassade het condoleanceregister presiden, Bestanddeelnr 934-2987.jpg",NOT DOWNLOADED — Wikimedia blocked by this session's network policy
E30,1988,Zia-ul-Haq Dies,1988_c130_hercules_museum.jpg,E — CONTEXT,Same aircraft type (C-130B) — NOT the crashed aircraft.,Wikimedia Commons — original source: Flickr,https://commons.wikimedia.org/wiki/File:TC-60_Lockheed_100_Hercules_C-130B_%288164172104%29.jpg,Aeroprints.com,2012-10-10,CC BY-SA 3.0,Yes,MEDIUM,"STAND-IN (same aircraft type, not the crashed aircraft)",Context / secondary layer,,research/1988_zia_death,"PREVIEW ONLY (low-res browser screen capture, ~190 px) — full-resolution file NOT included; open download_url or source_url to save it",research/1988_zia_death/previews/1988_c130_hercules_museum__PREVIEW_lowres.jpg,https://commons.wikimedia.org/wiki/Special:FilePath/TC-60_Lockheed_100_Hercules_C-130B_%288164172104%29.jpg,"CLEAR (CC BY-SA 3.0, attribution required)","No — openly licensed, attribution required",High,2048x1365,TC-60 Lockheed 100 Hercules C-130B (8164172104).jpg,NOT DOWNLOADED — Wikimedia blocked by this session's network policy
E31,1988,Benazir Bhutto Becomes Prime Minister,1988_benazir_bhutto_andrews_1989.jpg,A — HERO,"US Air Force photo, 5 June 1989 — first woman PM of Pakistan.",Wikimedia Commons — original source: DefenseImagery.mil DF-SC-91-09100,https://commons.wikimedia.org/wiki/File:Prime_Minister_Benazir_Bhutto_1989.jpg,"SRA Gerald B. Johnson, USAF",1989-06-05,Public domain,No (credit recommended),HIGH,ORIGINAL HISTORICAL PHOTOGRAPH,Hero image — full-bleed cinematic section,,research/1988_democracy,"PREVIEW ONLY (low-res browser screen capture, ~190 px) — full-resolution file NOT included; open download_url or source_url to save it",research/1988_democracy/previews/1988_benazir_bhutto_andrews_1989__PREVIEW_lowres.jpg,https://commons.wikimedia.org/wiki/Special:FilePath/Prime_Minister_Benazir_Bhutto_1989.jpg,CLEAR (US Government work),Yes (US federal government work),High,2830x1900,Prime Minister Benazir Bhutto 1989.jpg,NOT DOWNLOADED — Wikimedia blocked by this session's network policy
E31,1988,Benazir Bhutto Becomes Prime Minister,1988_benazir_bhutto_1989_portrait.jpg,B — ARCHIVE,"Portrait crop, same event.",Wikimedia Commons — original source: DefenseImagery.mil DF-SC-91-09102,https://commons.wikimedia.org/wiki/File:Benazir_bhutto_1989_cropped.jpg,"SRA Gerald B. Johnson, USAF",1989-06-05,Public domain,No (credit recommended),LOW / HISTORICALLY IMPORTANT,ORIGINAL HISTORICAL PHOTOGRAPH,Supporting archive image / source drawer,,research/1988_democracy,"PREVIEW ONLY (low-res browser screen capture, ~190 px) — full-resolution file NOT included; open download_url or source_url to save it",research/1988_democracy/previews/1988_benazir_bhutto_1989_portrait__PREVIEW_lowres.jpg,https://commons.wikimedia.org/wiki/Special:FilePath/Benazir_bhutto_1989_cropped.jpg,CLEAR (US Government work),Yes (US federal government work),High,870x1116,Benazir bhutto 1989 cropped.jpg,NOT DOWNLOADED — Wikimedia blocked by this session's network policy
E31,1988,Benazir Bhutto Becomes Prime Minister,1988_benazir_bhutto_with_bilawal_1989.jpg,B — ARCHIVE,"With infant Bilawal, 1989.",Wikimedia Commons — original source: DefenseImagery.mil DF-SC-91-09099,https://commons.wikimedia.org/wiki/File:Benazir_Bhutto_US_visit_19890605.jpg,"SRA Gerald B. Johnson, USAF",1989-06-05,Public domain,No (credit recommended),HIGH,ORIGINAL HISTORICAL PHOTOGRAPH,Supporting archive image / source drawer,,research/1988_democracy,"PREVIEW ONLY (low-res browser screen capture, ~190 px) — full-resolution file NOT included; open download_url or source_url to save it",research/1988_democracy/previews/1988_benazir_bhutto_with_bilawal_1989__PREVIEW_lowres.jpg,https://commons.wikimedia.org/wiki/Special:FilePath/Benazir_Bhutto_US_visit_19890605.jpg,CLEAR (US Government work),Yes (US federal government work),High,2830x1900,Benazir Bhutto US visit 19890605.jpg,NOT DOWNLOADED — Wikimedia blocked by this session's network policy
E32,1990,Nawaz Sharif's First Government,1990_nawaz_sharif_cohen_1998.jpg,A — HERO,DoD 1998 (first term 1990 has no free photo found).,Wikimedia Commons — original source: DoD 981203-D-9880W-123,https://commons.wikimedia.org/wiki/File:Sharif_meets_Cohen_in_1998.jpg,"Robert D. Ward, DoD",1998-12-03,Public domain,No (credit recommended),HIGH,ORIGINAL HISTORICAL PHOTOGRAPH,Hero image — full-bleed cinematic section,,research/1990_nawaz,"PREVIEW ONLY (low-res browser screen capture, ~190 px) — full-resolution file NOT included; open download_url or source_url to save it",research/1990_nawaz/previews/1990_nawaz_sharif_cohen_1998__PREVIEW_lowres.jpg,https://commons.wikimedia.org/wiki/Special:FilePath/Sharif_meets_Cohen_in_1998.jpg,CLEAR (US Government work),Yes (US federal government work),High,2838x1936,Sharif meets Cohen in 1998.jpg,NOT DOWNLOADED — Wikimedia blocked by this session's network policy
E32,1990,Nawaz Sharif's First Government,1990_election_1990_map.png,F — MAP,1990 results map.,Wikimedia Commons — original source: Own work,https://commons.wikimedia.org/wiki/File:Pakistan_General_election_1990.png,Saad Ali Khan Pakistan,modern,CC BY-SA 4.0,Yes,HIGH,MAP,Map / geography layer,,research/maps,"PREVIEW ONLY (low-res browser screen capture, ~190 px) — full-resolution file NOT included; open download_url or source_url to save it",research/maps/previews/1990_election_1990_map__PREVIEW_lowres.jpg,https://commons.wikimedia.org/wiki/Special:FilePath/Pakistan_General_election_1990.png?width=3000,"CLEAR (CC BY-SA 4.0, attribution required)","No — openly licensed, attribution required",High,3516x2908,Pakistan General election 1990.png,NOT DOWNLOADED — Wikimedia blocked by this session's network policy
E33,1992,Cricket World Cup Champions,1992_imran_nawaz_world_cup_trophy_1992.jpg,A — HERO,"Imran Khan and PM Nawaz Sharif with the 1992 trophy (M.T. Chaudhry, CC BY 3.0).",Wikimedia Commons — original source: YouTube frame,https://commons.wikimedia.org/wiki/File:Imran_Khan_at_the_1992_Cricket_World_Cup_Ceremony.jpg,M.T. Chaudhry,1992,CC BY 3.0 (claimed via YouTube),Yes,MEDIUM,ORIGINAL HISTORICAL PHOTOGRAPH,Hero image — full-bleed cinematic section,Appears to be a video frame (YouTube); CC BY 3.0 claim by uploader. Shows Imran Khan and PM Nawaz Sharif with the crystal trophy.,research/1992_cricket,"PREVIEW ONLY (low-res browser screen capture, ~190 px) — full-resolution file NOT included; open download_url or source_url to save it",research/1992_cricket/previews/1992_imran_nawaz_world_cup_trophy_1992__PREVIEW_lowres.jpg,https://commons.wikimedia.org/wiki/Special:FilePath/Imran_Khan_at_the_1992_Cricket_World_Cup_Ceremony.jpg,VERIFY BEFORE PUBLIC USE,"No — openly licensed, attribution required",Medium,1920x1475,Imran Khan at the 1992 Cricket World Cup Ceremony.jpg,NOT DOWNLOADED — Wikimedia blocked by this session's network policy
E33,1992,Cricket World Cup Champions,1992_imran_khan_sydney_1984.png,B — ARCHIVE,"University of Sydney, 1984.",Wikimedia Commons — original source: University of Sydney Archives 33537,https://commons.wikimedia.org/wiki/File:Imran_Khan_at_Sydney_University_Luncheon%2C_1984.png,The University of Sydney News,1984-11-01,CC BY 4.0,Yes,LOW / HISTORICALLY IMPORTANT,ORIGINAL HISTORICAL PHOTOGRAPH,Supporting archive image / source drawer,,research/1992_cricket,"PREVIEW ONLY (low-res browser screen capture, ~190 px) — full-resolution file NOT included; open download_url or source_url to save it",research/1992_cricket/previews/1992_imran_khan_sydney_1984__PREVIEW_lowres.jpg,https://commons.wikimedia.org/wiki/Special:FilePath/Imran_Khan_at_Sydney_University_Luncheon%2C_1984.png,"CLEAR (CC BY 4.0, attribution required)","No — openly licensed, attribution required",High,751x529,"Imran Khan at Sydney University Luncheon, 1984.png",NOT DOWNLOADED — Wikimedia blocked by this session's network policy
E33,1992,Cricket World Cup Champions,1992_miandad_1978_anefo.jpg,B — ARCHIVE,"Javed Miandad batting, 1978 (Anefo CC0).",Wikimedia Commons — original source: Nationaal Archief 929-8094,https://commons.wikimedia.org/wiki/File:Cricket_Nederland_tegen_Pakistan_Javed_Miomdaal_van_Pakistan_aan_bat%2C_achter_he%2C_Bestanddeelnr_929-8094.jpg,Koen Suyk / Anefo,1978-07-08,CC0,No (credit recommended),HIGH,ORIGINAL HISTORICAL PHOTOGRAPH,Supporting archive image / source drawer,,research/1992_cricket,"PREVIEW ONLY (low-res browser screen capture, ~190 px) — full-resolution file NOT included; open download_url or source_url to save it",research/1992_cricket/previews/1992_miandad_1978_anefo__PREVIEW_lowres.jpg,https://commons.wikimedia.org/wiki/Special:FilePath/Cricket_Nederland_tegen_Pakistan_Javed_Miomdaal_van_Pakistan_aan_bat%2C_achter_he%2C_Bestanddeelnr_929-8094.jpg?width=3000,CLEAR (CC0),Yes (CC0 dedication),High,3673x2427,"Cricket Nederland tegen Pakistan Javed Miomdaal van Pakistan aan bat, achter he, Bestanddeelnr 929-8094.jpg",NOT DOWNLOADED — Wikimedia blocked by this session's network policy
E33,1992,Cricket World Cup Champions,1992_imran_fundraising_jeddah_1992.jpg,E — CONTEXT,1992 fundraising tour.,Wikimedia Commons — original source: Flickr sikander/15092412363,https://commons.wikimedia.org/wiki/File:Imran_Khan_at_Pakistan_Embassy_School%2C_Jeddah.jpg,_sikander,1992 (uploaded 2014),CC BY-SA 2.0,Yes,MEDIUM,ORIGINAL HISTORICAL PHOTOGRAPH,Context / secondary layer,,research/1992_cricket,"PREVIEW ONLY (low-res browser screen capture, ~190 px) — full-resolution file NOT included; open download_url or source_url to save it",research/1992_cricket/previews/1992_imran_fundraising_jeddah_1992__PREVIEW_lowres.jpg,https://commons.wikimedia.org/wiki/Special:FilePath/Imran_Khan_at_Pakistan_Embassy_School%2C_Jeddah.jpg,"CLEAR (CC BY-SA 2.0, attribution required)","No — openly licensed, attribution required",High,1758x1145,"Imran Khan at Pakistan Embassy School, Jeddah.jpg",NOT DOWNLOADED — Wikimedia blocked by this session's network policy
E33,1992,Cricket World Cup Champions,1992_mcg_melbourne.jpg,E — CONTEXT,MCG venue (2010).,Wikimedia Commons — original source: Flickr,https://commons.wikimedia.org/wiki/File:AFL_Grand_Final_2010_on_the_Melbourne_Cricket_Ground.jpg,Alexander Sheko,2010-10-02,CC BY-SA 2.0,Yes,MEDIUM,MODERN PHOTOGRAPH OF HISTORICAL SITE (2010),Context / secondary layer,,research/1992_cricket,"PREVIEW ONLY (low-res browser screen capture, ~190 px) — full-resolution file NOT included; open download_url or source_url to save it",research/1992_cricket/previews/1992_mcg_melbourne__PREVIEW_lowres.jpg,https://commons.wikimedia.org/wiki/Special:FilePath/AFL_Grand_Final_2010_on_the_Melbourne_Cricket_Ground.jpg,"CLEAR (CC BY-SA 2.0, attribution required)","No — openly licensed, attribution required",High,1600x1071,AFL Grand Final 2010 on the Melbourne Cricket Ground.jpg,NOT DOWNLOADED — Wikimedia blocked by this session's network policy
E34,1994,Hockey World Cup + Champions Trophy,1994_shahbaz_ahmed_senior.jpg,B — ARCHIVE,Captain of the 1994 World Cup side (photo 2012).,Wikimedia Commons — original source: Flickr,https://commons.wikimedia.org/wiki/File:Shabaz_Ahmed_Senior.jpg,Doha Stadium Plus Qatar,2012-12-01,CC BY 2.0,Yes,MEDIUM,MODERN PORTRAIT (2012) of 1994 captain,Supporting archive image / source drawer,,research/1994_hockey,"PREVIEW ONLY (low-res browser screen capture, ~190 px) — full-resolution file NOT included; open download_url or source_url to save it",research/1994_hockey/previews/1994_shahbaz_ahmed_senior__PREVIEW_lowres.jpg,https://commons.wikimedia.org/wiki/Special:FilePath/Shabaz_Ahmed_Senior.jpg,"CLEAR (CC BY 2.0, attribution required)","No — openly licensed, attribution required",High,1800x1602,Shabaz Ahmed Senior.jpg,NOT DOWNLOADED — Wikimedia blocked by this session's network policy
E35,1997,M-2 Lahore–Islamabad Motorway Opens,1997_m2_salt_range.jpg,A — HERO,M-2 through the Salt Range.,Wikimedia Commons — original source: Own work,https://commons.wikimedia.org/wiki/File:Motorway_M2%2C_Salt_Range%2C_Pakistan_03.jpg,Shahzaib Damn Cruze,2021-02-06,CC BY-SA 4.0,Yes,HIGH,DOCUMENTARY PHOTOGRAPH,Hero image — full-bleed cinematic section,,research/1997_m2_motorway,"PREVIEW ONLY (low-res browser screen capture, ~190 px) — full-resolution file NOT included; open download_url or source_url to save it",research/1997_m2_motorway/previews/1997_m2_salt_range__PREVIEW_lowres.jpg,https://commons.wikimedia.org/wiki/Special:FilePath/Motorway_M2%2C_Salt_Range%2C_Pakistan_03.jpg?width=3000,"CLEAR (CC BY-SA 4.0, attribution required)","No — openly licensed, attribution required",High,4032x2268,"Motorway M2, Salt Range, Pakistan 03.jpg",NOT DOWNLOADED — Wikimedia blocked by this session's network policy
E35,1997,M-2 Lahore–Islamabad Motorway Opens,1997_m2_approaching_islamabad.jpg,B — ARCHIVE,,Wikimedia Commons — original source: Own work,https://commons.wikimedia.org/wiki/File:M-2_Motorway_approaching_Islamabad.jpg,King Eliot,2015-06-16,CC BY-SA 4.0,Yes,HIGH,DOCUMENTARY PHOTOGRAPH,Supporting archive image / source drawer,,research/1997_m2_motorway,"PREVIEW ONLY (low-res browser screen capture, ~190 px) — full-resolution file NOT included; open download_url or source_url to save it",research/1997_m2_motorway/previews/1997_m2_approaching_islamabad__PREVIEW_lowres.jpg,https://commons.wikimedia.org/wiki/Special:FilePath/M-2_Motorway_approaching_Islamabad.jpg?width=3000,"CLEAR (CC BY-SA 4.0, attribution required)","No — openly licensed, attribution required",High,3264x2448,M-2 Motorway approaching Islamabad.jpg,NOT DOWNLOADED — Wikimedia blocked by this session's network policy
E35,1997,M-2 Lahore–Islamabad Motorway Opens,1997_m2_lahore_islamabad.jpg,B — ARCHIVE,8000px.,Wikimedia Commons — original source: Own work,https://commons.wikimedia.org/wiki/File:Lahore-Islamabad_M2_motorway_%28Pakistan%29_02.jpg,Tahir mq,2021-07-22,CC BY-SA 4.0,Yes,HIGH,DOCUMENTARY PHOTOGRAPH,Supporting archive image / source drawer,,research/1997_m2_motorway,"PREVIEW ONLY (low-res browser screen capture, ~190 px) — full-resolution file NOT included; open download_url or source_url to save it",research/1997_m2_motorway/previews/1997_m2_lahore_islamabad__PREVIEW_lowres.jpg,https://commons.wikimedia.org/wiki/Special:FilePath/Lahore-Islamabad_M2_motorway_%28Pakistan%29_02.jpg?width=3000,"CLEAR (CC BY-SA 4.0, attribution required)","No — openly licensed, attribution required",High,8000x6000,Lahore-Islamabad M2 motorway (Pakistan) 02.jpg,NOT DOWNLOADED — Wikimedia blocked by this session's network policy
E35,1997,M-2 Lahore–Islamabad Motorway Opens,1997_m2_m3_bridge.jpg,E — CONTEXT,M-2 / M-3 bridge.,Wikimedia Commons — original source: Own work,https://commons.wikimedia.org/wiki/File:M2-2.JPG,Shameel,2008-08-29,CC BY-SA 3.0,Yes,HIGH,DOCUMENTARY PHOTOGRAPH,Context / secondary layer,,research/1997_m2_motorway,"PREVIEW ONLY (low-res browser screen capture, ~190 px) — full-resolution file NOT included; open download_url or source_url to save it",research/1997_m2_motorway/previews/1997_m2_m3_bridge__PREVIEW_lowres.jpg,https://commons.wikimedia.org/wiki/Special:FilePath/M2-2.JPG?width=3000,"CLEAR (CC BY-SA 3.0, attribution required)","No — openly licensed, attribution required",High,3264x2448,M2-2.JPG,NOT DOWNLOADED — Wikimedia blocked by this session's network policy
E36,1998,Chagai Nuclear Tests,1998_chagai_govt_announcement_28may1998.jpg,A — HERO,Govt of Pakistan image associated with 28 May 1998 announcement (CC BY 4.0 claim — VERIFY).,Wikimedia Commons — original source: storyofpakistan.com,https://commons.wikimedia.org/wiki/File:Chagaiatomictests.jpg,Government of Pakistan (as credited),1998-05-28,CC BY 4.0 (uploader claim),Yes,LOW / HISTORICALLY IMPORTANT,ORIGINAL HISTORICAL PHOTOGRAPH,Hero image — full-bleed cinematic section,Image of the Ras Koh test site associated with the 28 May 1998 announcement; uploader's CC BY 4.0 claim for a Govt of Pakistan image is unclear.,research/1998_chagai,"PREVIEW ONLY (low-res browser screen capture, ~190 px) — full-resolution file NOT included; open download_url or source_url to save it",research/1998_chagai/previews/1998_chagai_govt_announcement_28may1998__PREVIEW_lowres.jpg,https://commons.wikimedia.org/wiki/Special:FilePath/Chagaiatomictests.jpg,VERIFY BEFORE PUBLIC USE,"No — openly licensed, attribution required",Medium,710x442,Chagaiatomictests.jpg,NOT DOWNLOADED — Wikimedia blocked by this session's network policy
E36,1998,Chagai Nuclear Tests,1998_chaghi_monument_islamabad.jpg,B — ARCHIVE,Chaghi Monument.,Wikimedia Commons — original source: Own work,https://commons.wikimedia.org/wiki/File:Chaghi_Monument-2.JPG,Khalid Mahmood,2012-09-14,CC BY-SA 3.0,Yes,HIGH,DOCUMENTARY PHOTOGRAPH,Supporting archive image / source drawer,,research/1998_chagai,"PREVIEW ONLY (low-res browser screen capture, ~190 px) — full-resolution file NOT included; open download_url or source_url to save it",research/1998_chagai/previews/1998_chaghi_monument_islamabad__PREVIEW_lowres.jpg,https://commons.wikimedia.org/wiki/Special:FilePath/Chaghi_Monument-2.JPG?width=3000,"CLEAR (CC BY-SA 3.0, attribution required)","No — openly licensed, attribution required",High,4608x3072,Chaghi Monument-2.JPG,NOT DOWNLOADED — Wikimedia blocked by this session's network policy
E36,1998,Chagai Nuclear Tests,1998_chagai_mud_volcano_iss_2024.jpg,E — CONTEXT,NASA ISS view of Chagai district (2024) — landscape only.,Wikimedia Commons — original source: NASA JSC,https://commons.wikimedia.org/wiki/File:Iss071e092895.jpg,NASA Johnson Space Center,2024-05-20,Public domain,No (credit recommended),HIGH,SATELLITE / ORBITAL PHOTOGRAPH (2024),Context / secondary layer,,research/1998_chagai,"PREVIEW ONLY (low-res browser screen capture, ~190 px) — full-resolution file NOT included; open download_url or source_url to save it",research/1998_chagai/previews/1998_chagai_mud_volcano_iss_2024__PREVIEW_lowres.jpg,https://commons.wikimedia.org/wiki/Special:FilePath/Iss071e092895.jpg?width=3000,CLEAR (US Government work),Yes (US federal government work),High,8256x5504,Iss071e092895.jpg,NOT DOWNLOADED — Wikimedia blocked by this session's network policy
E36,1998,Chagai Nuclear Tests,1998_chagai_district_map.png,F — MAP,Location map.,Wikimedia Commons — original source: Own work,https://commons.wikimedia.org/wiki/File:Chagai.PNG,Aarandir,2006-07-25,CC BY-SA 3.0,Yes,LOW,MAP,Map / geography layer,,research/maps,"PREVIEW ONLY (low-res browser screen capture, ~190 px) — full-resolution file NOT included; open download_url or source_url to save it",research/maps/previews/1998_chagai_district_map__PREVIEW_lowres.jpg,https://commons.wikimedia.org/wiki/Special:FilePath/Chagai.PNG,"CLEAR (CC BY-SA 3.0, attribution required)","No — openly licensed, attribution required",High,699x639,Chagai.PNG,NOT DOWNLOADED — Wikimedia blocked by this session's network policy
E37,2005,Earthquake & Recovery,2005_muzaffarabad_after_quake_13oct2005.jpg,A — HERO,"US Navy, 13 Oct 2005 — city aftermath (no casualties visible; reviewed by description).",Wikimedia Commons — original source: navy.mil VIRIN 051013-N-8796S-110,https://commons.wikimedia.org/wiki/File:Muzaffarabad_-_2005_Kashmir_earthquake.jpg,"Timothy Smith, U.S. Navy",2005-10-13,Public domain,No (credit recommended),MEDIUM,DOCUMENTARY PHOTOGRAPH,Hero image — full-bleed cinematic section,,research/2005_earthquake,"PREVIEW ONLY (low-res browser screen capture, ~190 px) — full-resolution file NOT included; open download_url or source_url to save it",research/2005_earthquake/previews/2005_muzaffarabad_after_quake_13oct2005__PREVIEW_lowres.jpg,https://commons.wikimedia.org/wiki/Special:FilePath/Muzaffarabad_-_2005_Kashmir_earthquake.jpg,CLEAR (US Government work),Yes (US federal government work),High,1848x1224,Muzaffarabad - 2005 Kashmir earthquake.jpg,NOT DOWNLOADED — Wikimedia blocked by this session's network policy
E37,2005,Earthquake & Recovery,2005_balakot_aerial_17oct2005.png,B — ARCHIVE,"USAF aerial, 17 Oct 2005.",Wikimedia Commons — original source: US Air Force,https://commons.wikimedia.org/wiki/File:Balakot_Erdbeben_2005.png,US Air Force,2005-10-17,Public domain,No (credit recommended),MEDIUM,DOCUMENTARY PHOTOGRAPH,Supporting archive image / source drawer,,research/2005_earthquake,"PREVIEW ONLY (low-res browser screen capture, ~190 px) — full-resolution file NOT included; open download_url or source_url to save it",research/2005_earthquake/previews/2005_balakot_aerial_17oct2005__PREVIEW_lowres.jpg,https://commons.wikimedia.org/wiki/Special:FilePath/Balakot_Erdbeben_2005.png,CLEAR (US Government work),Yes (US federal government work),High,1624x1058,Balakot Erdbeben 2005.png,NOT DOWNLOADED — Wikimedia blocked by this session's network policy
E37,2005,Earthquake & Recovery,2005_destroyed_building_muzaffarabad_ausaid.jpg,B — ARCHIVE,"AusAID, Nov 2005.",Wikimedia Commons — original source: AusAID (DFAT) Flickr E00138,https://commons.wikimedia.org/wiki/File:Destroyed_building_in_Muzaffarabad_after_the_earthquake_%282005%29.jpg,Gregory Takats / AusAID,2005-11-23,CC BY 2.0,Yes,HIGH,DOCUMENTARY PHOTOGRAPH,Supporting archive image / source drawer,,research/2005_earthquake,"PREVIEW ONLY (low-res browser screen capture, ~190 px) — full-resolution file NOT included; open download_url or source_url to save it",research/2005_earthquake/previews/2005_destroyed_building_muzaffarabad_ausaid__PREVIEW_lowres.jpg,https://commons.wikimedia.org/wiki/Special:FilePath/Destroyed_building_in_Muzaffarabad_after_the_earthquake_%282005%29.jpg,"CLEAR (CC BY 2.0, attribution required)","No — openly licensed, attribution required",High,2592x1944,Destroyed building in Muzaffarabad after the earthquake (2005).jpg,NOT DOWNLOADED — Wikimedia blocked by this session's network policy
E37,2005,Earthquake & Recovery,2005_muzaffarabad_aerial_14oct2005.jpg,B — ARCHIVE,"Aerial view of Muzaffarabad after the earthquake, 14 Oct 2005 — collapsed buildings, no casualties visible.",DVIDS 11038,DVIDS 11038,U.S. Navy (DVIDS 11038),2005-10-14,Public domain (US Government),No (credit recommended),see file,DOCUMENTARY PHOTOGRAPH,Supporting archive image / source drawer,Already on disk from an earlier session (MEDIA/ASSETS/free); copied into this folder.,research/2005_earthquake,"FULL FILE (original resolution, from project MEDIA/ASSETS/free)",research/2005_earthquake/2005_muzaffarabad_aerial_14oct2005.jpg,,CLEAR,Yes (US Government work),High,,PD_DVIDS_11038.jpg,INCLUDED IN ZIP (full file)
E37,2005,Earthquake & Recovery,2005_muzaffarabad_aerial_oct2005_b.jpg,B — ARCHIVE,"Second aerial of earthquake-damaged Muzaffarabad, Oct 2005.",DVIDS 11045,DVIDS 11045,U.S. Navy (DVIDS 11045),2005-10,Public domain (US Government),No (credit recommended),see file,DOCUMENTARY PHOTOGRAPH,Supporting archive image / source drawer,Already on disk from an earlier session (MEDIA/ASSETS/free); copied into this folder.,research/2005_earthquake,"FULL FILE (original resolution, from project MEDIA/ASSETS/free)",research/2005_earthquake/2005_muzaffarabad_aerial_oct2005_b.jpg,,CLEAR,Yes (US Government work),High,,PD_DVIDS_11045.jpg,INCLUDED IN ZIP (full file)
E37,2005,Earthquake & Recovery,2005_relief_unloaded_balakot_21oct2005.jpg,B — ARCHIVE,Relief logistics.,Wikimedia Commons — original source: US Navy 051021-F-9085B-053,https://commons.wikimedia.org/wiki/File:US_Navy_051021-F-9085B-053_Pakistani_soldiers_unload_disaster_relief_supplies_from_a_U.S._Navy_MH-53_Sea_Dragon_helicopter_at_Balakot%2C_Pakistan.jpg,U.S. Navy,2005-10-21,Public domain,No (credit recommended),HIGH,DOCUMENTARY PHOTOGRAPH,Supporting archive image / source drawer,,research/2005_earthquake,"PREVIEW ONLY (low-res browser screen capture, ~190 px) — full-resolution file NOT included; open download_url or source_url to save it",research/2005_earthquake/previews/2005_relief_unloaded_balakot_21oct2005__PREVIEW_lowres.jpg,https://commons.wikimedia.org/wiki/Special:FilePath/US_Navy_051021-F-9085B-053_Pakistani_soldiers_unload_disaster_relief_supplies_from_a_U.S._Navy_MH-53_Sea_Dragon_helicopter_at_Balakot%2C_Pakistan.jpg,CLEAR (US Government work),Yes (US federal government work),High,3008x1960,"US Navy 051021-F-9085B-053 Pakistani soldiers unload disaster relief supplies from a U.S. Navy MH-53 Sea Dragon helicopter at Balakot, Pakistan.jpg",NOT DOWNLOADED — Wikimedia blocked by this session's network policy
E37,2005,Earthquake & Recovery,2005_children_tent_village_shinkiari.jpg,E — CONTEXT,Hope amid relief camps.,Wikimedia Commons — original source: US Navy 051121-F-2729L-001,https://commons.wikimedia.org/wiki/File:US_Navy_051121-F-2729L-001_Pakistani_children_play_with_a_toy_helicopter_at_Jabba_Farm_Tent_Village_in_Shinkiari%2C_Pakistan.jpg,U.S. Navy,2005-11-21,Public domain,No (credit recommended),HIGH,DOCUMENTARY PHOTOGRAPH,Context / secondary layer,,research/2005_earthquake,"PREVIEW ONLY (low-res browser screen capture, ~190 px) — full-resolution file NOT included; open download_url or source_url to save it",research/2005_earthquake/previews/2005_children_tent_village_shinkiari__PREVIEW_lowres.jpg,https://commons.wikimedia.org/wiki/Special:FilePath/US_Navy_051121-F-2729L-001_Pakistani_children_play_with_a_toy_helicopter_at_Jabba_Farm_Tent_Village_in_Shinkiari%2C_Pakistan.jpg,CLEAR (US Government work),Yes (US federal government work),High,3008x1960,"US Navy 051121-F-2729L-001 Pakistani children play with a toy helicopter at Jabba Farm Tent Village in Shinkiari, Pakistan.jpg",NOT DOWNLOADED — Wikimedia blocked by this session's network policy
E37,2005,Earthquake & Recovery,2005_rebuilding_exhibition_2011.jpg,E — CONTEXT,USAID 2011 — rebuilding narrative.,Wikimedia Commons — original source: Flickr usaid_pakistan,https://commons.wikimedia.org/wiki/File:Photography_and_Drawing_Exhibition_on_Pakistan_2005_Earthquake_%E2%80%9CRebuilding_Together_With_Dignity_and_Hope%E2%80%9D_%286219296117%29.jpg,USAID Pakistan,2011-10-07,Public domain,No (credit recommended),LOW,DOCUMENTARY PHOTOGRAPH,Context / secondary layer,,research/2005_earthquake,"PREVIEW ONLY (low-res browser screen capture, ~190 px) — full-resolution file NOT included; open download_url or source_url to save it",research/2005_earthquake/previews/2005_rebuilding_exhibition_2011__PREVIEW_lowres.jpg,https://commons.wikimedia.org/wiki/Special:FilePath/Photography_and_Drawing_Exhibition_on_Pakistan_2005_Earthquake_%E2%80%9CRebuilding_Together_With_Dignity_and_Hope%E2%80%9D_%286219296117%29.jpg,CLEAR (US Government work),Yes (US federal government work),High,951x664,Photography and Drawing Exhibition on Pakistan 2005 Earthquake “Rebuilding Together With Dignity and Hope” (6219296117).jpg,NOT DOWNLOADED — Wikimedia blocked by this session's network policy
E37,2005,Earthquake & Recovery,2005_landslides_muzaffarabad_uri_aster_2005.jpg,F — MAP,"ASTER satellite view of earthquake landslides between Muzaffarabad and Uri, Oct 2005 (false colour — red vegetation; regrade or use small).",NASA PIA03028,NASA PIA03028,NASA/JPL ASTER,2005-10-11,Public domain (NASA),No (credit recommended),see file,SATELLITE / ORBITAL PHOTOGRAPH,Map / geography layer,Already on disk from an earlier session (MEDIA/ASSETS/free); copied into this folder.,research/maps,"FULL FILE (original resolution, from project MEDIA/ASSETS/free)",research/maps/2005_landslides_muzaffarabad_uri_aster_2005.jpg,,CLEAR,Yes (NASA),High,,NASA_PIA03028.jpg,INCLUDED IN ZIP (full file)
E37,2005,Earthquake & Recovery,2005_usgs_shakemap_2005.jpg,F — MAP,USGS.,Wikimedia Commons — original source: USGS event usp000e12e,https://commons.wikimedia.org/wiki/File:2005_Kashmir_earthquake_shakemap.jpg,United States Geological Survey,2005 event,Public domain,No (credit recommended),LOW,MAP,Map / geography layer,,research/maps,"PREVIEW ONLY (low-res browser screen capture, ~190 px) — full-resolution file NOT included; open download_url or source_url to save it",research/maps/previews/2005_usgs_shakemap_2005__PREVIEW_lowres.jpg,https://commons.wikimedia.org/wiki/Special:FilePath/2005_Kashmir_earthquake_shakemap.jpg,CLEAR (US Government work),Yes (US federal government work),High,787x990,2005 Kashmir earthquake shakemap.jpg,NOT DOWNLOADED — Wikimedia blocked by this session's network policy
E38,2007,Assassination of Benazir Bhutto,2007_bhutto_mausoleum_garhi_khuda_bakhsh.jpg,A — HERO,Memorial — preferred over event imagery.,Wikimedia Commons — original source: Own work,https://commons.wikimedia.org/wiki/File:Mausoleum_of_Zulfikar_Ali_Bhutto_and_Benazir_Bhutto.jpg,سیانف (Commons user),2014-04-11,CC BY-SA 3.0,Yes,HIGH,MODERN PHOTOGRAPH OF HISTORICAL SITE,Hero image — full-bleed cinematic section,,research/2007_benazir,"PREVIEW ONLY (low-res browser screen capture, ~190 px) — full-resolution file NOT included; open download_url or source_url to save it",research/2007_benazir/previews/2007_bhutto_mausoleum_garhi_khuda_bakhsh__PREVIEW_lowres.jpg,https://commons.wikimedia.org/wiki/Special:FilePath/Mausoleum_of_Zulfikar_Ali_Bhutto_and_Benazir_Bhutto.jpg,"CLEAR (CC BY-SA 3.0, attribution required)","No — openly licensed, attribution required",High,2560x1920,Mausoleum of Zulfikar Ali Bhutto and Benazir Bhutto.jpg,NOT DOWNLOADED — Wikimedia blocked by this session's network policy
E38,2007,Assassination of Benazir Bhutto,2007_benazir_death_place_marker.jpg,B — ARCHIVE,Marker at Liaquat Bagh.,Wikimedia Commons — original source: Own work,https://commons.wikimedia.org/wiki/File:Benzir_Bhutto%27s_death_place_mark.JPG,Khalid Mahmood,2010-11-20,CC BY-SA 3.0,Yes,HIGH,MODERN PHOTOGRAPH OF MEMORIAL,Supporting archive image / source drawer,,research/2007_benazir,"PREVIEW ONLY (low-res browser screen capture, ~190 px) — full-resolution file NOT included; open download_url or source_url to save it",research/2007_benazir/previews/2007_benazir_death_place_marker__PREVIEW_lowres.jpg,https://commons.wikimedia.org/wiki/Special:FilePath/Benzir_Bhutto%27s_death_place_mark.JPG?width=3000,"CLEAR (CC BY-SA 3.0, attribution required)","No — openly licensed, attribution required",High,3648x2736,Benzir Bhutto's death place mark.JPG,NOT DOWNLOADED — Wikimedia blocked by this session's network policy
E38,2007,Assassination of Benazir Bhutto,2007_benazir_golra_sharif_dec2007.jpg,B — ARCHIVE,"Benazir at Golra Sharif, 7 Dec 2007 — weeks before her death.",Wikimedia Commons — original source: Flickr,https://commons.wikimedia.org/wiki/File:Saq06-14_%28Medium%29.jpg,Sajjad Ali Qureshi,2007-12-07,CC BY 2.0,Yes,LOW,DOCUMENTARY PHOTOGRAPH,Supporting archive image / source drawer,,research/2007_benazir,"PREVIEW ONLY (low-res browser screen capture, ~190 px) — full-resolution file NOT included; open download_url or source_url to save it",research/2007_benazir/previews/2007_benazir_golra_sharif_dec2007__PREVIEW_lowres.jpg,https://commons.wikimedia.org/wiki/Special:FilePath/Saq06-14_%28Medium%29.jpg,"CLEAR (CC BY 2.0, attribution required)","No — openly licensed, attribution required",High,800x513,Saq06-14 (Medium).jpg,NOT DOWNLOADED — Wikimedia blocked by this session's network policy
E38,2007,Assassination of Benazir Bhutto,2007_benazir_memorial_liaquat_bagh.jpg,B — ARCHIVE,Memorial at Liaquat Bagh.,Wikimedia Commons — original source: Own work,https://commons.wikimedia.org/wiki/File:Memorail_of_Benazir_Bhutto.JPG,Khalid Mahmood,2010-11-20,CC BY-SA 3.0,Yes,HIGH,MODERN PHOTOGRAPH OF MEMORIAL,Supporting archive image / source drawer,Red-heavy mural — use desaturated or small.,research/2007_benazir,"PREVIEW ONLY (low-res browser screen capture, ~190 px) — full-resolution file NOT included; open download_url or source_url to save it",research/2007_benazir/previews/2007_benazir_memorial_liaquat_bagh__PREVIEW_lowres.jpg,https://commons.wikimedia.org/wiki/Special:FilePath/Memorail_of_Benazir_Bhutto.JPG?width=3000,"CLEAR (CC BY-SA 3.0, attribution required)","No — openly licensed, attribution required",High,3648x2736,Memorail of Benazir Bhutto.JPG,NOT DOWNLOADED — Wikimedia blocked by this session's network policy
E38,2007,Assassination of Benazir Bhutto,2007_benazir_socialist_international_2007.jpg,B — ARCHIVE,2007 interview.,Wikimedia Commons — original source: Flickr vrypan/675865523,https://commons.wikimedia.org/wiki/File:Benazir_BhuttoSocialistmeeting.jpg,Panayotis Vryonis,2007-06-29,CC BY-SA 2.0,Yes,HIGH,DOCUMENTARY PHOTOGRAPH,Supporting archive image / source drawer,,research/2007_benazir,"PREVIEW ONLY (low-res browser screen capture, ~190 px) — full-resolution file NOT included; open download_url or source_url to save it",research/2007_benazir/previews/2007_benazir_socialist_international_2007__PREVIEW_lowres.jpg,https://commons.wikimedia.org/wiki/Special:FilePath/Benazir_BhuttoSocialistmeeting.jpg,"CLEAR (CC BY-SA 2.0, attribution required)","No — openly licensed, attribution required",High,2592x1944,Benazir BhuttoSocialistmeeting.jpg,NOT DOWNLOADED — Wikimedia blocked by this session's network policy
E39,2008,Musharraf Resigns,2008_musharraf_davos_jan2008.jpg,A — HERO,"WEF, 24 Jan 2008 — final year in office.",Wikimedia Commons — original source: Flickr (WEF),https://commons.wikimedia.org/wiki/File:Pervez_Musharraf_-_World_Economic_Forum_Annual_Meeting_Davos_2008.jpg,World Economic Forum,2008-01-24,CC BY-SA 2.0,Yes,HIGH,DOCUMENTARY PHOTOGRAPH,Hero image — full-bleed cinematic section,,research/2008_musharraf,"PREVIEW ONLY (low-res browser screen capture, ~190 px) — full-resolution file NOT included; open download_url or source_url to save it",research/2008_musharraf/previews/2008_musharraf_davos_jan2008__PREVIEW_lowres.jpg,https://commons.wikimedia.org/wiki/Special:FilePath/Pervez_Musharraf_-_World_Economic_Forum_Annual_Meeting_Davos_2008.jpg?width=3000,"CLEAR (CC BY-SA 2.0, attribution required)","No — openly licensed, attribution required",High,4096x2731,Pervez Musharraf - World Economic Forum Annual Meeting Davos 2008.jpg,NOT DOWNLOADED — Wikimedia blocked by this session's network policy
E39,2008,Musharraf Resigns,2008_bush_musharraf_islamabad_mar2006.jpg,B — ARCHIVE,"President Musharraf with President Bush, Islamabad, March 2006.",White House (archived),White House (archived),White House photo,2006-03-04,Public domain (US Government),No (credit recommended),see file,DOCUMENTARY PHOTOGRAPH,Supporting archive image / source drawer,Already on disk from an earlier session (MEDIA/ASSETS/free); copied into this folder.,research/2008_musharraf,"FULL FILE (original resolution, from project MEDIA/ASSETS/free)",research/2008_musharraf/2008_bush_musharraf_islamabad_mar2006.jpg,,CLEAR,Yes (US Government work),High,,PD_WH2006_bush-musharraf-islamabad.jpg,INCLUDED IN ZIP (full file)
E39,2008,Musharraf Resigns,2008_musharraf_davos_2008_portrait.jpg,B — ARCHIVE,Portrait.,Wikimedia Commons — original source: Flickr (WEF),https://commons.wikimedia.org/wiki/File:Pervez_Musharraf_2008_%28cropped%29.jpg,World Economic Forum,2008-01-24,CC BY-SA 2.0,Yes,MEDIUM,DOCUMENTARY PHOTOGRAPH,Supporting archive image / source drawer,,research/2008_musharraf,"PREVIEW ONLY (low-res browser screen capture, ~190 px) — full-resolution file NOT included; open download_url or source_url to save it",research/2008_musharraf/previews/2008_musharraf_davos_2008_portrait__PREVIEW_lowres.jpg,https://commons.wikimedia.org/wiki/Special:FilePath/Pervez_Musharraf_2008_%28cropped%29.jpg,"CLEAR (CC BY-SA 2.0, attribution required)","No — openly licensed, attribution required",High,1540x2051,Pervez Musharraf 2008 (cropped).jpg,NOT DOWNLOADED — Wikimedia blocked by this session's network policy
E39,2008,Musharraf Resigns,2008_musharraf_national_press_club_feb2002.jpg,E — CONTEXT,"Pervez Musharraf speaking at the National Press Club, Washington, 14 Feb 2002.",Smithsonian Institution (via Internet Archive),Smithsonian Institution (via Internet Archive),"Jim Wallace, Smithsonian Institution",2002-02-14,CC0,No (credit recommended),see file,DOCUMENTARY PHOTOGRAPH,Context / secondary layer,Already on disk from an earlier session (MEDIA/ASSETS/free); copied into this folder.,research/2008_musharraf,"FULL FILE (original resolution, from project MEDIA/ASSETS/free)",research/2008_musharraf/2008_musharraf_national_press_club_feb2002.jpg,,CLEAR,Yes (CC0),High,,IA_PROPIX_494038399.jpg,INCLUDED IN ZIP (full file)
E40,2010,18th Amendment & Devolution,2010_parliament_house_islamabad_2.jpg,A — HERO,Parliament that passed the amendment (April 2010).,Wikimedia Commons — original source: Panoramio (archived),https://commons.wikimedia.org/wiki/File:Parliament_House%2C_Islamabad_-_panoramio.jpg,Sunni Person,2009-07-31,CC BY-SA 3.0,Yes,LOW,DOCUMENTARY PHOTOGRAPH,Hero image — full-bleed cinematic section,,research/2010_18th_amendment,"PREVIEW ONLY (low-res browser screen capture, ~190 px) — full-resolution file NOT included; open download_url or source_url to save it",research/2010_18th_amendment/previews/2010_parliament_house_islamabad_2__PREVIEW_lowres.jpg,https://commons.wikimedia.org/wiki/Special:FilePath/Parliament_House%2C_Islamabad_-_panoramio.jpg,"CLEAR (CC BY-SA 3.0, attribution required)","No — openly licensed, attribution required",High,709x461,"Parliament House, Islamabad - panoramio.jpg",NOT DOWNLOADED — Wikimedia blocked by this session's network policy
E40,2010,18th Amendment & Devolution,2010_gilani_wef_2008.jpg,B — ARCHIVE,PM Gilani.,Wikimedia Commons — original source: Flickr (WEF),https://commons.wikimedia.org/wiki/File:Syed_Gillani_-_World_Economic_Forum_on_the_Middle_East_2008.jpg,World Economic Forum,2008-05-19,CC BY-SA 2.0,Yes,LOW,DOCUMENTARY PHOTOGRAPH,Supporting archive image / source drawer,,research/2010_18th_amendment,"PREVIEW ONLY (low-res browser screen capture, ~190 px) — full-resolution file NOT included; open download_url or source_url to save it",research/2010_18th_amendment/previews/2010_gilani_wef_2008__PREVIEW_lowres.jpg,https://commons.wikimedia.org/wiki/Special:FilePath/Syed_Gillani_-_World_Economic_Forum_on_the_Middle_East_2008.jpg,"CLEAR (CC BY-SA 2.0, attribution required)","No — openly licensed, attribution required",High,748x784,Syed Gillani - World Economic Forum on the Middle East 2008.jpg,NOT DOWNLOADED — Wikimedia blocked by this session's network policy
E40,2010,18th Amendment & Devolution,2010_zardari_team_dec2010.jpg,B — ARCHIVE,"President Zardari, 2010.",Wikimedia Commons — original source: Own work,https://commons.wikimedia.org/wiki/File:2010-12_PresidentZardari%26team.jpg,User:Force2006,2010-12-14,CC BY-SA 4.0,Yes,HIGH,DOCUMENTARY PHOTOGRAPH,Supporting archive image / source drawer,,research/2010_18th_amendment,"PREVIEW ONLY (low-res browser screen capture, ~190 px) — full-resolution file NOT included; open download_url or source_url to save it",research/2010_18th_amendment/previews/2010_zardari_team_dec2010__PREVIEW_lowres.jpg,https://commons.wikimedia.org/wiki/Special:FilePath/2010-12_PresidentZardari%26team.jpg,"CLEAR (CC BY-SA 4.0, attribution required)","No — openly licensed, attribution required",High,3068x1892,2010-12 PresidentZardari&team.jpg,NOT DOWNLOADED — Wikimedia blocked by this session's network policy
E40,2010,18th Amendment & Devolution,2010_pm_gilani_white_house_jul2008.jpg,E — CONTEXT,"PM Yousaf Raza Gilani at the White House, 28 Jul 2008 (PM when the 18th Amendment passed).",White House (archived),White House (archived),"Chris Greenberg, White House",2008-07-28,Public domain (US Government),No (credit recommended),see file,DOCUMENTARY PHOTOGRAPH,Context / secondary layer,Already on disk from an earlier session (MEDIA/ASSETS/free); copied into this folder.,research/2010_18th_amendment,"FULL FILE (original resolution, from project MEDIA/ASSETS/free)",research/2010_18th_amendment/2010_pm_gilani_white_house_jul2008.jpg,,CLEAR,Yes (US Government work),High,,PD_WH2008_bush-gilani.jpg,INCLUDED IN ZIP (full file)
E41,2010,Major Floods & Resilience,2010_swat_bridge_destroyed_aug2010.jpg,A — HERO,"DVIDS, Aug 2010.",Wikimedia Commons — original source: defense.gov,https://commons.wikimedia.org/wiki/File:Swat_Valley_Bridge_ruined_by_flood_water.jpg,DVIDS / U.S. Army,2010-08-11,Public domain,No (credit recommended),HIGH,DOCUMENTARY PHOTOGRAPH,Hero image — full-bleed cinematic section,,research/2010_floods,"PREVIEW ONLY (low-res browser screen capture, ~190 px) — full-resolution file NOT included; open download_url or source_url to save it",research/2010_floods/previews/2010_swat_bridge_destroyed_aug2010__PREVIEW_lowres.jpg,https://commons.wikimedia.org/wiki/Special:FilePath/Swat_Valley_Bridge_ruined_by_flood_water.jpg,CLEAR (US Government work),Yes (US federal government work),High,2400x3000,Swat Valley Bridge ruined by flood water.jpg,NOT DOWNLOADED — Wikimedia blocked by this session's network policy
E41,2010,Major Floods & Resilience,2010_flooded_swat_aerial_11aug2010.jpg,B — ARCHIVE,Aerial.,Wikimedia Commons — original source: defense.gov photo essay 1818,https://commons.wikimedia.org/wiki/File:Flooding_in_the_Swat_Valley_2010-08-11_1.jpg,"Sgt. Monica K. Smith, U.S. Army",2010-08-11,Public domain,No (credit recommended),MEDIUM,DOCUMENTARY PHOTOGRAPH,Supporting archive image / source drawer,,research/2010_floods,"PREVIEW ONLY (low-res browser screen capture, ~190 px) — full-resolution file NOT included; open download_url or source_url to save it",research/2010_floods/previews/2010_flooded_swat_aerial_11aug2010__PREVIEW_lowres.jpg,https://commons.wikimedia.org/wiki/Special:FilePath/Flooding_in_the_Swat_Valley_2010-08-11_1.jpg,CLEAR (US Government work),Yes (US federal government work),High,2354x1569,Flooding in the Swat Valley 2010-08-11 1.jpg,NOT DOWNLOADED — Wikimedia blocked by this session's network policy
E41,2010,Major Floods & Resilience,2010_sindh_child_amid_remains_dfid.jpg,B — ARCHIVE,"DFID, Dec 2010.",Wikimedia Commons — original source: Flickr DFID 5330433865,https://commons.wikimedia.org/wiki/File:A_child_stands_amongst_the_remains_of_buildings_destroyed_by_the_floods_in_Sindh_province%2C_Pakistan._%285330433865%29.jpg,DFID (UK),2010-12-07,CC BY 2.0,Yes,HIGH,DOCUMENTARY PHOTOGRAPH,Supporting archive image / source drawer,,research/2010_floods,"PREVIEW ONLY (low-res browser screen capture, ~190 px) — full-resolution file NOT included; open download_url or source_url to save it",research/2010_floods/previews/2010_sindh_child_amid_remains_dfid__PREVIEW_lowres.jpg,https://commons.wikimedia.org/wiki/Special:FilePath/A_child_stands_amongst_the_remains_of_buildings_destroyed_by_the_floods_in_Sindh_province%2C_Pakistan._%285330433865%29.jpg?width=3000,"CLEAR (CC BY 2.0, attribution required)","No — openly licensed, attribution required",High,5616x3744,"A child stands amongst the remains of buildings destroyed by the floods in Sindh province, Pakistan. (5330433865).jpg",NOT DOWNLOADED — Wikimedia blocked by this session's network policy
E41,2010,Major Floods & Resilience,2010_sindh_paddy_resown_dfid.jpg,B — ARCHIVE,Recovery — fields re-sown.,Wikimedia Commons — original source: Flickr DFID 5331068220,https://commons.wikimedia.org/wiki/File:Recently_sown_paddy_fields_in_Sindh%2C_Pakistan%2C_December_2010_%285331068220%29.jpg,DFID (UK),2010-12-07,CC BY 2.0,Yes,HIGH,DOCUMENTARY PHOTOGRAPH,Supporting archive image / source drawer,,research/2010_floods,"PREVIEW ONLY (low-res browser screen capture, ~190 px) — full-resolution file NOT included; open download_url or source_url to save it",research/2010_floods/previews/2010_sindh_paddy_resown_dfid__PREVIEW_lowres.jpg,https://commons.wikimedia.org/wiki/Special:FilePath/Recently_sown_paddy_fields_in_Sindh%2C_Pakistan%2C_December_2010_%285331068220%29.jpg?width=3000,"CLEAR (CC BY 2.0, attribution required)","No — openly licensed, attribution required",High,4752x3168,"Recently sown paddy fields in Sindh, Pakistan, December 2010 (5331068220).jpg",NOT DOWNLOADED — Wikimedia blocked by this session's network policy
E41,2010,Major Floods & Resilience,2010_zadi_and_tahir_sindh_dfid.jpg,B — ARCHIVE,Survivor portrait with testimony.,Wikimedia Commons — original source: Flickr DFID 5367573164,https://commons.wikimedia.org/wiki/File:Zadi%2C_with_her_son_Tahir%2C_Sindh%2C_Pakistan_%285367573164%29.jpg,DFID (UK),2010-12-06,CC BY 2.0,Yes,HIGH,DOCUMENTARY PHOTOGRAPH,Supporting archive image / source drawer,,research/2010_floods,"PREVIEW ONLY (low-res browser screen capture, ~190 px) — full-resolution file NOT included; open download_url or source_url to save it",research/2010_floods/previews/2010_zadi_and_tahir_sindh_dfid__PREVIEW_lowres.jpg,https://commons.wikimedia.org/wiki/Special:FilePath/Zadi%2C_with_her_son_Tahir%2C_Sindh%2C_Pakistan_%285367573164%29.jpg?width=3000,"CLEAR (CC BY 2.0, attribution required)","No — openly licensed, attribution required",High,4110x2784,"Zadi, with her son Tahir, Sindh, Pakistan (5367573164).jpg",NOT DOWNLOADED — Wikimedia blocked by this session's network policy
E41,2010,Major Floods & Resilience,2010_c130_relief_2010.jpg,E — CONTEXT,"C-130 relief aircraft on the apron, Pakistan floods 2010.",DVIDS 313002,DVIDS 313002,U.S. military (DVIDS 313002),2010-08,Public domain (US Government),No (credit recommended),see file,DOCUMENTARY PHOTOGRAPH,Context / secondary layer,Already on disk from an earlier session (MEDIA/ASSETS/free); copied into this folder.,research/2010_floods,"FULL FILE (original resolution, from project MEDIA/ASSETS/free)",research/2010_floods/2010_c130_relief_2010.jpg,,CLEAR,Yes (US Government work),High,,PD_DVIDS_313002.jpg,INCLUDED IN ZIP (full file)
E41,2010,Major Floods & Resilience,2010_chinooks_relief_2010_a.jpg,E — CONTEXT,"US Army CH-47 Chinook used for flood relief, Pakistan 2010.",DVIDS 317580,DVIDS 317580,U.S. military (DVIDS 317580),2010-08,Public domain (US Government),No (credit recommended),see file,DOCUMENTARY PHOTOGRAPH,Context / secondary layer,Already on disk from an earlier session (MEDIA/ASSETS/free); copied into this folder.,research/2010_floods,"FULL FILE (original resolution, from project MEDIA/ASSETS/free)",research/2010_floods/2010_chinooks_relief_2010_a.jpg,,CLEAR,Yes (US Government work),High,,PD_DVIDS_317580.jpg,INCLUDED IN ZIP (full file)
E41,2010,Major Floods & Resilience,2010_flood_proofed_house_sindh_2012.jpg,E — CONTEXT,Rebuilding.,Wikimedia Commons — original source: Flickr DFID 8406169194,https://commons.wikimedia.org/wiki/File:A_young_girl_stands_outside_a_house_undergoing_flood-proofing_work_in_Sindh%2C_Pakistan%2C_April_2012_%288406169194%29.jpg,DFID (UK),2012-04-02,CC BY-SA 2.0,Yes,HIGH,DOCUMENTARY PHOTOGRAPH,Context / secondary layer,,research/2010_floods,"PREVIEW ONLY (low-res browser screen capture, ~190 px) — full-resolution file NOT included; open download_url or source_url to save it",research/2010_floods/previews/2010_flood_proofed_house_sindh_2012__PREVIEW_lowres.jpg,https://commons.wikimedia.org/wiki/Special:FilePath/A_young_girl_stands_outside_a_house_undergoing_flood-proofing_work_in_Sindh%2C_Pakistan%2C_April_2012_%288406169194%29.jpg,"CLEAR (CC BY-SA 2.0, attribution required)","No — openly licensed, attribution required",High,3191x2393,"A young girl stands outside a house undergoing flood-proofing work in Sindh, Pakistan, April 2012 (8406169194).jpg",NOT DOWNLOADED — Wikimedia blocked by this session's network policy
E41,2010,Major Floods & Resilience,2010_flood_before_after_2010.jpg,F — MAP,Before/after satellite pair of the 2010 Indus floods.,NASA PIA13341,NASA PIA13341,NASA/JPL,2010-08,Public domain (NASA),No (credit recommended),see file,SATELLITE / ORBITAL PHOTOGRAPH,Map / geography layer,Already on disk from an earlier session (MEDIA/ASSETS/free); copied into this folder.,research/maps,"FULL FILE (original resolution, from project MEDIA/ASSETS/free)",research/maps/2010_flood_before_after_2010.jpg,,CLEAR,Yes (NASA),High,,NASA_PIA13341.jpg,INCLUDED IN ZIP (full file)
E41,2010,Major Floods & Resilience,2010_floods_kheshgi_satellite_4aug2010.jpg,F — MAP,"Floods near Kheshgi, 4 Aug 2010 (satellite, false colour — red-heavy; use small or regrade).",NASA GSFC archive e001991,NASA GSFC archive e001991,NASA Earth Observatory,2010-08-04,Public domain (NASA),No (credit recommended),see file,SATELLITE / ORBITAL PHOTOGRAPH,Map / geography layer,Already on disk from an earlier session (MEDIA/ASSETS/free); copied into this folder.,research/maps,"FULL FILE (original resolution, from project MEDIA/ASSETS/free)",research/maps/2010_floods_kheshgi_satellite_4aug2010.jpg,,CLEAR,Yes (NASA),High,,NASA_GSFC_20171208_Archive_e001991.jpg,INCLUDED IN ZIP (full file)
E41,2010,Major Floods & Resilience,2010_nasa_pakistan_floods_sep2010.jpg,F — MAP,"NASA, 7 Sept 2010.",Wikimedia Commons — original source: earthobservatory.nasa.gov 45605,https://commons.wikimedia.org/wiki/File:Pakistan_2010_Floods.jpg,NASA Earth Observatory,2010-09-07,Public domain,No (credit recommended),HIGH,SATELLITE IMAGERY,Map / geography layer,,research/maps,"PREVIEW ONLY (low-res browser screen capture, ~190 px) — full-resolution file NOT included; open download_url or source_url to save it",research/maps/previews/2010_nasa_pakistan_floods_sep2010__PREVIEW_lowres.jpg,https://commons.wikimedia.org/wiki/Special:FilePath/Pakistan_2010_Floods.jpg?width=3000,CLEAR (US Government work),Yes (US federal government work),High,8484x6148,Pakistan 2010 Floods.jpg,NOT DOWNLOADED — Wikimedia blocked by this session's network policy
E42,2013,CPEC Begins,2013_jf17_escort_xi_2015.jpg,E — CONTEXT,"Xi Jinping's arrival, April 2015 (CPEC launch visit). GFDL.",Wikimedia Commons — original source: airliners.net 2626797,https://commons.wikimedia.org/wiki/File:Eight_Pakistan_Air_Force_JF-17s_escort_Air_China_Boeing_747-400.jpg,Asuspine,2015-04-20,GFDL 1.2,Yes,MEDIUM,DOCUMENTARY PHOTOGRAPH,Context / secondary layer,"Xi Jinping's aircraft arriving 20 April 2015, the CPEC launch visit.",research/2013_cpec,"PREVIEW ONLY (low-res browser screen capture, ~190 px) — full-resolution file NOT included; open download_url or source_url to save it",research/2013_cpec/previews/2013_jf17_escort_xi_2015__PREVIEW_lowres.jpg,https://commons.wikimedia.org/wiki/Special:FilePath/Eight_Pakistan_Air_Force_JF-17s_escort_Air_China_Boeing_747-400.jpg,CLEAR (GFDL 1.2 — must include licence text; prefer to avoid),"No — openly licensed, attribution required",High,1200x800,Eight Pakistan Air Force JF-17s escort Air China Boeing 747-400.jpg,NOT DOWNLOADED — Wikimedia blocked by this session's network policy
E42,2013,CPEC Begins,2013_nawaz_sharif_official_2013.jpg,E — CONTEXT,PM Nawaz Sharif 2013.,Wikimedia Commons — original source: Facebook (PML-N),https://commons.wikimedia.org/wiki/File:PrimeMinisterNawazSharif.jpg,Z A Balti,2013-06-29,Public domain (uploader claim),Recommended,LOW,DOCUMENTARY PHOTOGRAPH,Context / secondary layer,Sourced from a party Facebook album.,research/2013_cpec,"PREVIEW ONLY (low-res browser screen capture, ~190 px) — full-resolution file NOT included; open download_url or source_url to save it",research/2013_cpec/previews/2013_nawaz_sharif_official_2013__PREVIEW_lowres.jpg,https://commons.wikimedia.org/wiki/Special:FilePath/PrimeMinisterNawazSharif.jpg,VERIFY BEFORE PUBLIC USE,Stated public domain on source page (verify where marked),Medium,570x720,PrimeMinisterNawazSharif.jpg,NOT DOWNLOADED — Wikimedia blocked by this session's network policy
E42,2013,CPEC Begins,2013_cpec_map.png,F — MAP,CPEC map.,Wikimedia Commons — original source: Own work,https://commons.wikimedia.org/wiki/File:ChinaPakistanEconomicCorridor.png,Wanishahrukh,2015-02-25,CC BY-SA 3.0,Yes,LOW,MAP,Map / geography layer,,research/maps,"PREVIEW ONLY (low-res browser screen capture, ~190 px) — full-resolution file NOT included; open download_url or source_url to save it",research/maps/previews/2013_cpec_map__PREVIEW_lowres.jpg,https://commons.wikimedia.org/wiki/Special:FilePath/ChinaPakistanEconomicCorridor.png,"CLEAR (CC BY-SA 3.0, attribution required)","No — openly licensed, attribution required",High,750x600,ChinaPakistanEconomicCorridor.png,NOT DOWNLOADED — Wikimedia blocked by this session's network policy
E42,2013,CPEC Begins,2013_cpec_road_network_govt.jpg,F — MAP,Government of Pakistan CPEC alignment map (2016).,Wikimedia Commons — original source: pc.gov.pk,https://commons.wikimedia.org/wiki/File:Road_network_CPEC.jpg,"Planning Commission, Government of Pakistan",2016-01,Public domain (uploader claim — Govt of Pakistan work; VERIFY),Recommended,LOW,"MAP (OFFICIAL, 2016)",Map / geography layer,Planning Commission map — Govt of Pakistan copyright; Commons PD claim questionable.,research/maps,"PREVIEW ONLY (low-res browser screen capture, ~190 px) — full-resolution file NOT included; open download_url or source_url to save it",research/maps/previews/2013_cpec_road_network_govt__PREVIEW_lowres.jpg,https://commons.wikimedia.org/wiki/Special:FilePath/Road_network_CPEC.jpg,VERIFY BEFORE PUBLIC USE,Stated public domain on source page (verify where marked),High,962x722,Road network CPEC.jpg,NOT DOWNLOADED — Wikimedia blocked by this session's network policy
E43,2014,APS Peshawar Attack,2014_aps_peshawar_school.jpg,A — HERO,"School exterior, 24 Dec 2014 — no people.",Wikimedia Commons — original source: Own work,https://commons.wikimedia.org/wiki/File:Army_Public_School.jpg,Obaid Raza,2014-12-24,CC BY-SA 4.0,Yes,MEDIUM,"MODERN DOCUMENTARY PHOTOGRAPH (building, 10 days after attack)",Hero image — full-bleed cinematic section,,research/2014_aps,"PREVIEW ONLY (low-res browser screen capture, ~190 px) — full-resolution file NOT included; open download_url or source_url to save it",research/2014_aps/previews/2014_aps_peshawar_school__PREVIEW_lowres.jpg,https://commons.wikimedia.org/wiki/Special:FilePath/Army_Public_School.jpg,"CLEAR (CC BY-SA 4.0, attribution required)","No — openly licensed, attribution required",High,1280x853,Army Public School.jpg,NOT DOWNLOADED — Wikimedia blocked by this session's network policy
E43,2014,APS Peshawar Attack,2014_aps_anniversary_children_islamabad.jpg,B — ARCHIVE,VOA: children commemorating the victims.,Wikimedia Commons — original source: VOA Urdu,https://commons.wikimedia.org/wiki/File:Peshawar_school_attack_march_2018.jpg,Voice of America,2018-09-29,Public domain,No (credit recommended),HIGH,DOCUMENTARY PHOTOGRAPH,Supporting archive image / source drawer,,research/2014_aps,"PREVIEW ONLY (low-res browser screen capture, ~190 px) — full-resolution file NOT included; open download_url or source_url to save it",research/2014_aps/previews/2014_aps_anniversary_children_islamabad__PREVIEW_lowres.jpg,https://commons.wikimedia.org/wiki/Special:FilePath/Peshawar_school_attack_march_2018.jpg,CLEAR (US Government work),Yes (US federal government work),High,2896x1944,Peshawar school attack march 2018.jpg,NOT DOWNLOADED — Wikimedia blocked by this session's network policy
E43,2014,APS Peshawar Attack,2014_london_candlelight_vigil.jpg,B — ARCHIVE,"Vigil, 17 Dec 2014.",Wikimedia Commons — original source: Own work,https://commons.wikimedia.org/wiki/File:Candlelight_vigil_in_London_for_the_victims_of_the_Peshawar_school_siege..jpg,Kashif Haque,2014-12-17,CC BY-SA 4.0,Yes,HIGH,DOCUMENTARY PHOTOGRAPH,Supporting archive image / source drawer,,research/2014_aps,"PREVIEW ONLY (low-res browser screen capture, ~190 px) — full-resolution file NOT included; open download_url or source_url to save it",research/2014_aps/previews/2014_london_candlelight_vigil__PREVIEW_lowres.jpg,https://commons.wikimedia.org/wiki/Special:FilePath/Candlelight_vigil_in_London_for_the_victims_of_the_Peshawar_school_siege..jpg?width=3000,"CLEAR (CC BY-SA 4.0, attribution required)","No — openly licensed, attribution required",High,4346x2857,Candlelight vigil in London for the victims of the Peshawar school siege..jpg,NOT DOWNLOADED — Wikimedia blocked by this session's network policy
E44,2015-20,"CPEC Infrastructure, Energy & Connectivity",2015_port_qasim_power_plant.jpg,A — HERO,CPEC power project.,Wikimedia Commons — original source: Own work,https://commons.wikimedia.org/wiki/File:Port_Qasim_Coal_Power_Plant%2C_08.06.2021.jpg,VileGecko,2021-06-08,CC BY-SA 4.0,Yes,HIGH,DOCUMENTARY PHOTOGRAPH,Hero image — full-bleed cinematic section,,research/2015_cpec_infrastructure,"PREVIEW ONLY (low-res browser screen capture, ~190 px) — full-resolution file NOT included; open download_url or source_url to save it",research/2015_cpec_infrastructure/previews/2015_port_qasim_power_plant__PREVIEW_lowres.jpg,https://commons.wikimedia.org/wiki/Special:FilePath/Port_Qasim_Coal_Power_Plant%2C_08.06.2021.jpg?width=3000,"CLEAR (CC BY-SA 4.0, attribution required)","No — openly licensed, attribution required",High,5976x3984,"Port Qasim Coal Power Plant, 08.06.2021.jpg",NOT DOWNLOADED — Wikimedia blocked by this session's network policy
E44,2015-20,"CPEC Infrastructure, Energy & Connectivity",2015_gwadar_aerial_2016.jpg,B — ARCHIVE,Aerial of Gwadar.,Wikimedia Commons — original source: Own work,https://commons.wikimedia.org/wiki/File:Pakistan_Balochistan_province_-_Gwadar_IMG_7931.jpg,Bjoertvedt,2016-11-07,CC BY-SA 4.0,Yes,HIGH,DOCUMENTARY PHOTOGRAPH,Supporting archive image / source drawer,,research/2015_cpec_infrastructure,"PREVIEW ONLY (low-res browser screen capture, ~190 px) — full-resolution file NOT included; open download_url or source_url to save it",research/2015_cpec_infrastructure/previews/2015_gwadar_aerial_2016__PREVIEW_lowres.jpg,https://commons.wikimedia.org/wiki/Special:FilePath/Pakistan_Balochistan_province_-_Gwadar_IMG_7931.jpg?width=3000,"CLEAR (CC BY-SA 4.0, attribution required)","No — openly licensed, attribution required",High,4025x2619,Pakistan Balochistan province - Gwadar IMG 7931.jpg,NOT DOWNLOADED — Wikimedia blocked by this session's network policy
E44,2015-20,"CPEC Infrastructure, Energy & Connectivity",2015_hazara_motorway_construction.jpg,B — ARCHIVE,"Hazara Motorway under construction, 2019.",Wikimedia Commons — original source: Own work,https://commons.wikimedia.org/wiki/File:Under_Construction_at_Mansehra.jpg,Muhammad Umair Gondal,2019-10-14,CC BY-SA 4.0,Yes,LOW,DOCUMENTARY PHOTOGRAPH,Supporting archive image / source drawer,,research/2015_cpec_infrastructure,"PREVIEW ONLY (low-res browser screen capture, ~190 px) — full-resolution file NOT included; open download_url or source_url to save it",research/2015_cpec_infrastructure/previews/2015_hazara_motorway_construction__PREVIEW_lowres.jpg,https://commons.wikimedia.org/wiki/Special:FilePath/Under_Construction_at_Mansehra.jpg,"CLEAR (CC BY-SA 4.0, attribution required)","No — openly licensed, attribution required",High,720x960,Under Construction at Mansehra.jpg,NOT DOWNLOADED — Wikimedia blocked by this session's network policy
E44,2015-20,"CPEC Infrastructure, Energy & Connectivity",2015_gwadar_port.jpg,E — CONTEXT,Gwadar port.,Wikimedia Commons — original source: not stated,https://commons.wikimedia.org/wiki/File:Gwadar_Port.jpg,not stated,undated,CC BY-SA 3.0,Yes,MEDIUM,ORIGINAL HISTORICAL PHOTOGRAPH,Context / secondary layer,No author recorded on file page.,research/2015_cpec_infrastructure,"PREVIEW ONLY (low-res browser screen capture, ~190 px) — full-resolution file NOT included; open download_url or source_url to save it",research/2015_cpec_infrastructure/previews/2015_gwadar_port__PREVIEW_lowres.jpg,https://commons.wikimedia.org/wiki/Special:FilePath/Gwadar_Port.jpg,VERIFY BEFORE PUBLIC USE,"No — openly licensed, attribution required",Medium,2048x1536,Gwadar Port.jpg,NOT DOWNLOADED — Wikimedia blocked by this session's network policy
E45,2016,Abdul Sattar Edhi Dies,2016_abdul_sattar_edhi_portrait.jpg,A — HERO,"Portrait, 2009.",Wikimedia Commons — original source: Own work,https://commons.wikimedia.org/wiki/File:Abdul_Sattar_Edhi.jpg,Hussain,2009-01,CC BY-SA 3.0,Yes,HIGH,DOCUMENTARY PHOTOGRAPH,Hero image — full-bleed cinematic section,,research/2016_edhi,"PREVIEW ONLY (low-res browser screen capture, ~190 px) — full-resolution file NOT included; open download_url or source_url to save it",research/2016_edhi/previews/2016_abdul_sattar_edhi_portrait__PREVIEW_lowres.jpg,https://commons.wikimedia.org/wiki/Special:FilePath/Abdul_Sattar_Edhi.jpg,"CLEAR (CC BY-SA 3.0, attribution required)","No — openly licensed, attribution required",High,1856x2784,Abdul Sattar Edhi.jpg,NOT DOWNLOADED — Wikimedia blocked by this session's network policy
E45,2016,Abdul Sattar Edhi Dies,2016_edhi_roadside_respect_2016.jpg,B — ARCHIVE,Feb 2016.,"Wikimedia Commons — original source: AFP, Edhi Foundation — likely AFP copyright",https://commons.wikimedia.org/wiki/File:Edhi.jpg,Asif Hassan (AFP),2016-02-15,CC BY-SA 4.0 (claim conflicts with 'AFP' credit),Yes,MEDIUM,DOCUMENTARY PHOTOGRAPH,Supporting archive image / source drawer,Do not use without AFP licence.,research/2016_edhi,"PREVIEW ONLY (low-res browser screen capture, ~190 px) — full-resolution file NOT included; open download_url or source_url to save it",research/2016_edhi/previews/2016_edhi_roadside_respect_2016__PREVIEW_lowres.jpg,https://commons.wikimedia.org/wiki/Special:FilePath/Edhi.jpg,VERIFY BEFORE PUBLIC USE — credited AFP (likely agency copyright),"No — openly licensed, attribution required",High,1500x900,Edhi.jpg,NOT DOWNLOADED — Wikimedia blocked by this session's network policy
E45,2016,Abdul Sattar Edhi Dies,2016_faisal_and_abdul_sattar_edhi.jpg,B — ARCHIVE,"Mithadar, Karachi, 2016.",Wikimedia Commons — original source: Edhi Foundation,https://commons.wikimedia.org/wiki/File:Faisal_Edhi_and_Abdul_Sattar_Edhi.jpg,Yasmin Jaffri,2016-03-20,CC BY-SA 4.0 (credited Edhi Foundation),Yes,MEDIUM,DOCUMENTARY PHOTOGRAPH,Supporting archive image / source drawer,Credited to Edhi Foundation; confirm release.,research/2016_edhi,"PREVIEW ONLY (low-res browser screen capture, ~190 px) — full-resolution file NOT included; open download_url or source_url to save it",research/2016_edhi/previews/2016_faisal_and_abdul_sattar_edhi__PREVIEW_lowres.jpg,https://commons.wikimedia.org/wiki/Special:FilePath/Faisal_Edhi_and_Abdul_Sattar_Edhi.jpg,VERIFY BEFORE PUBLIC USE,"No — openly licensed, attribution required",High,2048x1529,Faisal Edhi and Abdul Sattar Edhi.jpg,NOT DOWNLOADED — Wikimedia blocked by this session's network policy
E45,2016,Abdul Sattar Edhi Dies,2016_edhi_ambulance.jpg,E — CONTEXT,Edhi ambulance.,Wikimedia Commons — original source: VOA Urdu,https://commons.wikimedia.org/wiki/File:Edhi_Foundation_Pakistan.jpg,Voice of America,2015-03-20,Public domain,No (credit recommended),LOW,DOCUMENTARY PHOTOGRAPH,Context / secondary layer,,research/2016_edhi,"PREVIEW ONLY (low-res browser screen capture, ~190 px) — full-resolution file NOT included; open download_url or source_url to save it",research/2016_edhi/previews/2016_edhi_ambulance__PREVIEW_lowres.jpg,https://commons.wikimedia.org/wiki/Special:FilePath/Edhi_Foundation_Pakistan.jpg,CLEAR (US Government work),Yes (US federal government work),High,1000x650,Edhi Foundation Pakistan.jpg,NOT DOWNLOADED — Wikimedia blocked by this session's network policy
E46,2017,M-4 Faisalabad–Khanewal Motorway,2017_m3_faisalabad_pindi_bhattian_bridge.jpg,E — CONTEXT,Faisalabad motorway link — NOT M-4. Context only.,Wikimedia Commons — original source: Own work,https://commons.wikimedia.org/wiki/File:Faisalabad-Pindi_Bhattian_Bridge.jpg,Innocent Paki,undated (Nov),CC BY-SA 4.0,Yes,MEDIUM,"STAND-IN (Faisalabad motorway link, NOT M-4)",Context / secondary layer,,research/2017_m4_motorway,"PREVIEW ONLY (low-res browser screen capture, ~190 px) — full-resolution file NOT included; open download_url or source_url to save it",research/2017_m4_motorway/previews/2017_m3_faisalabad_pindi_bhattian_bridge__PREVIEW_lowres.jpg,https://commons.wikimedia.org/wiki/Special:FilePath/Faisalabad-Pindi_Bhattian_Bridge.jpg,"CLEAR (CC BY-SA 4.0, attribution required)","No — openly licensed, attribution required",High,1883x993,Faisalabad-Pindi Bhattian Bridge.jpg,NOT DOWNLOADED — Wikimedia blocked by this session's network policy
E47,2018,PTI Forms Federal Government,2018_imran_khan_oath_aug2018.jpg,A — HERO,"VOA Urdu frame, 18 Aug 2018.",Wikimedia Commons — original source: VOA Urdu YouTube frame,https://commons.wikimedia.org/wiki/File:Imran_Khan_oath_as_Prime_Minister.jpg,Voice of America (VOA Urdu),2018-08-18,Public domain,No (credit recommended),MEDIUM,VIDEO FRAME (VOA),Hero image — full-bleed cinematic section,,research/2018,"PREVIEW ONLY (low-res browser screen capture, ~190 px) — full-resolution file NOT included; open download_url or source_url to save it",research/2018/previews/2018_imran_khan_oath_aug2018__PREVIEW_lowres.jpg,https://commons.wikimedia.org/wiki/Special:FilePath/Imran_Khan_oath_as_Prime_Minister.jpg,"CLEAR (VOA, US Government work)",Yes (US federal government work),High,1280x720,Imran Khan oath as Prime Minister.jpg,NOT DOWNLOADED — Wikimedia blocked by this session's network policy
E47,2018,PTI Forms Federal Government,2018_election_officers_lahore_2018.jpg,B — ARCHIVE,24 July 2018.,Wikimedia Commons — original source: VOA Urdu,https://commons.wikimedia.org/wiki/File:Election_officers_Lahore_2018_Pakistani_general_election.jpg,Kanwar Rehman Khan (VOA),2018-07-24,Public domain,No (credit recommended),HIGH,DOCUMENTARY PHOTOGRAPH,Supporting archive image / source drawer,,research/2018,"PREVIEW ONLY (low-res browser screen capture, ~190 px) — full-resolution file NOT included; open download_url or source_url to save it",research/2018/previews/2018_election_officers_lahore_2018__PREVIEW_lowres.jpg,https://commons.wikimedia.org/wiki/Special:FilePath/Election_officers_Lahore_2018_Pakistani_general_election.jpg?width=3000,CLEAR (US Government work),Yes (US federal government work),High,4032x3024,Election officers Lahore 2018 Pakistani general election.jpg,NOT DOWNLOADED — Wikimedia blocked by this session's network policy
E47,2018,PTI Forms Federal Government,2018_imran_khan_wef_2012.jpg,B — ARCHIVE,WEF portrait.,Wikimedia Commons — original source: Flickr (WEF),https://commons.wikimedia.org/wiki/File:Imran_Khan_2012.jpg,World Economic Forum,2012-01-26,CC BY-SA 2.0,Yes,HIGH,DOCUMENTARY PHOTOGRAPH,Supporting archive image / source drawer,,research/2018,"PREVIEW ONLY (low-res browser screen capture, ~190 px) — full-resolution file NOT included; open download_url or source_url to save it",research/2018/previews/2018_imran_khan_wef_2012__PREVIEW_lowres.jpg,https://commons.wikimedia.org/wiki/Special:FilePath/Imran_Khan_2012.jpg,"CLEAR (CC BY-SA 2.0, attribution required)","No — openly licensed, attribution required",High,1815x2511,Imran Khan 2012.jpg,NOT DOWNLOADED — Wikimedia blocked by this session's network policy
E47,2018,PTI Forms Federal Government,2018_election_2018_turnout_map.png,F — MAP,Turnout map.,Wikimedia Commons — original source: Own work,https://commons.wikimedia.org/wiki/File:Voter_Turnout_in_the_2018_Pakistani_General_Election.png,Abbasi786786,2020-04-16,CC BY-SA 4.0,Yes,HIGH,MAP,Map / geography layer,,research/maps,"PREVIEW ONLY (low-res browser screen capture, ~190 px) — full-resolution file NOT included; open download_url or source_url to save it",research/maps/previews/2018_election_2018_turnout_map__PREVIEW_lowres.jpg,https://commons.wikimedia.org/wiki/Special:FilePath/Voter_Turnout_in_the_2018_Pakistani_General_Election.png?width=3000,"CLEAR (CC BY-SA 4.0, attribution required)","No — openly licensed, attribution required",High,3840x2160,Voter Turnout in the 2018 Pakistani General Election.png,NOT DOWNLOADED — Wikimedia blocked by this session's network policy
E49,2020,Orange Line Metro Opens,2020_orange_line_train.jpg,A — HERO,Train.,Wikimedia Commons — original source: Own work,https://commons.wikimedia.org/wiki/File:Orangeline_train_Lahore.jpg,King Eliot,2022-11-23,CC BY-SA 4.0,Yes,HIGH,DOCUMENTARY PHOTOGRAPH,Hero image — full-bleed cinematic section,,research/2020_orange_line,"PREVIEW ONLY (low-res browser screen capture, ~190 px) — full-resolution file NOT included; open download_url or source_url to save it",research/2020_orange_line/previews/2020_orange_line_train__PREVIEW_lowres.jpg,https://commons.wikimedia.org/wiki/Special:FilePath/Orangeline_train_Lahore.jpg?width=3000,"CLEAR (CC BY-SA 4.0, attribution required)","No — openly licensed, attribution required",High,4128x2322,Orangeline train Lahore.jpg,NOT DOWNLOADED — Wikimedia blocked by this session's network policy
E49,2020,Orange Line Metro Opens,2020_orange_line_anarkali_station.jpg,B — ARCHIVE,Station.,Wikimedia Commons — original source: Own work,https://commons.wikimedia.org/wiki/File:Anarkali_Station_Orangeline_Lahore.jpg,King Eliot,2021-10-25,CC BY-SA 4.0,Yes,HIGH,DOCUMENTARY PHOTOGRAPH,Supporting archive image / source drawer,,research/2020_orange_line,"PREVIEW ONLY (low-res browser screen capture, ~190 px) — full-resolution file NOT included; open download_url or source_url to save it",research/2020_orange_line/previews/2020_orange_line_anarkali_station__PREVIEW_lowres.jpg,https://commons.wikimedia.org/wiki/Special:FilePath/Anarkali_Station_Orangeline_Lahore.jpg,"CLEAR (CC BY-SA 4.0, attribution required)","No — openly licensed, attribution required",High,2854x1889,Anarkali Station Orangeline Lahore.jpg,NOT DOWNLOADED — Wikimedia blocked by this session's network policy
E49,2020,Orange Line Metro Opens,2020_orange_line_cns.jpg,B — ARCHIVE,"China News Service, Nov 2020 (CC BY 4.0).",Wikimedia Commons — original source: YouTube (CNS),https://commons.wikimedia.org/wiki/File:CNS_Orange_Line_of_Lahore_Metro_1.jpg,China News Service,2020-11-22,CC BY 4.0,Yes,MEDIUM,VIDEO FRAME (China News Service),Supporting archive image / source drawer,,research/2020_orange_line,"PREVIEW ONLY (low-res browser screen capture, ~190 px) — full-resolution file NOT included; open download_url or source_url to save it",research/2020_orange_line/previews/2020_orange_line_cns__PREVIEW_lowres.jpg,https://commons.wikimedia.org/wiki/Special:FilePath/CNS_Orange_Line_of_Lahore_Metro_1.jpg,"CLEAR (CC BY 4.0, attribution required)","No — openly licensed, attribution required",High,1920x1080,CNS Orange Line of Lahore Metro 1.jpg,NOT DOWNLOADED — Wikimedia blocked by this session's network policy
E49,2020,Orange Line Metro Opens,2020_orange_line_station_interior.jpg,E — CONTEXT,,Wikimedia Commons — original source: Own work,https://commons.wikimedia.org/wiki/File:Orangeline_station_interior_Lahore.jpg,King Eliot,2022-11-23,CC BY-SA 4.0,Yes,HIGH,DOCUMENTARY PHOTOGRAPH,Context / secondary layer,,research/2020_orange_line,"PREVIEW ONLY (low-res browser screen capture, ~190 px) — full-resolution file NOT included; open download_url or source_url to save it",research/2020_orange_line/previews/2020_orange_line_station_interior__PREVIEW_lowres.jpg,https://commons.wikimedia.org/wiki/Special:FilePath/Orangeline_station_interior_Lahore.jpg?width=3000,"CLEAR (CC BY-SA 4.0, attribution required)","No — openly licensed, attribution required",High,3612x2322,Orangeline station interior Lahore.jpg,NOT DOWNLOADED — Wikimedia blocked by this session's network policy
E50,2020-21,COVID-19 & National Response,2020_iaea_covid_equipment_pakistan.jpg,A — HERO,"IAEA, July 2020 — diagnostic equipment for Pakistan.",Wikimedia Commons — original source: Flickr IAEA 50114829361,https://commons.wikimedia.org/wiki/File:COVID-19_Equipment_to_Pakistan_%2805890135%29.jpg,IAEA Imagebank,2020-07-08,CC BY 2.0,Yes,HIGH,DOCUMENTARY PHOTOGRAPH,Hero image — full-bleed cinematic section,,research/2020_covid,"PREVIEW ONLY (low-res browser screen capture, ~190 px) — full-resolution file NOT included; open download_url or source_url to save it",research/2020_covid/previews/2020_iaea_covid_equipment_pakistan__PREVIEW_lowres.jpg,https://commons.wikimedia.org/wiki/Special:FilePath/COVID-19_Equipment_to_Pakistan_%2805890135%29.jpg?width=3000,"CLEAR (CC BY 2.0, attribution required)","No — openly licensed, attribution required",High,4512x3008,COVID-19 Equipment to Pakistan (05890135).jpg,NOT DOWNLOADED — Wikimedia blocked by this session's network policy
E50,2020-21,COVID-19 & National Response,2020_polio_vaccination_campaign_2015.jpg,E — CONTEXT,"CDC Global, Jan 2015 — Pakistan's door-to-door vaccination workforce. STAND-IN: polio campaign, not COVID-19.",Wikimedia Commons — original source: Flickr CDC Global 16435085363,https://commons.wikimedia.org/wiki/File:Polio_Vaccination_Campaign_-_Pakistan_%2816435085363%29.jpg,CDC Global,2015-01-14,CC BY 2.0,Yes,MEDIUM,DOCUMENTARY PHOTOGRAPH,Context / secondary layer,,research/2020_covid,"PREVIEW ONLY (low-res browser screen capture, ~190 px) — full-resolution file NOT included; open download_url or source_url to save it",research/2020_covid/previews/2020_polio_vaccination_campaign_2015__PREVIEW_lowres.jpg,https://commons.wikimedia.org/wiki/Special:FilePath/Polio_Vaccination_Campaign_-_Pakistan_%2816435085363%29.jpg,"CLEAR (CC BY 2.0, attribution required)","No — openly licensed, attribution required",High,2309x1732,Polio Vaccination Campaign - Pakistan (16435085363).jpg,NOT DOWNLOADED — Wikimedia blocked by this session's network policy
E50,2020-21,COVID-19 & National Response,2020_covid_cases_by_province_2021.png,F — MAP,Data map.,Wikimedia Commons — original source: Own work,https://commons.wikimedia.org/wiki/File:COVID-19_in_Pakistan_-_Confirmed_Cases.svg,Abbasi786786,2021-05-15,CC BY-SA 4.0,Yes,HIGH,DATA VISUALIZATION,Map / geography layer,Red-heavy; recolour to palette if used.,research/maps,"PREVIEW ONLY (low-res browser screen capture, ~190 px) — full-resolution file NOT included; open download_url or source_url to save it",research/maps/previews/2020_covid_cases_by_province_2021__PREVIEW_lowres.jpg,https://commons.wikimedia.org/wiki/Special:FilePath/COVID-19_in_Pakistan_-_Confirmed_Cases.svg?width=2400,"CLEAR (CC BY-SA 4.0, attribution required)","No — openly licensed, attribution required",High,2750x2000,COVID-19 in Pakistan - Confirmed Cases.svg,NOT DOWNLOADED — Wikimedia blocked by this session's network policy
E51,2022,Major Floods & Rebuilding,2022_nasa_sindh_floods_2021_vs_2022.jpg,A — HERO,NASA before/after.,Wikimedia Commons — original source: NASA Worldview,https://commons.wikimedia.org/wiki/File:2022_Pakistan_Floods_-_August_27%2C_2021_vs._August_27%2C_2022_in_Sindh.jpg,NASA,2022-08-27,Public domain,No (credit recommended),HIGH,SATELLITE IMAGERY,Hero image — full-bleed cinematic section,,research/2022_floods,"PREVIEW ONLY (low-res browser screen capture, ~190 px) — full-resolution file NOT included; open download_url or source_url to save it",research/2022_floods/previews/2022_nasa_sindh_floods_2021_vs_2022__PREVIEW_lowres.jpg,https://commons.wikimedia.org/wiki/Special:FilePath/2022_Pakistan_Floods_-_August_27%2C_2021_vs._August_27%2C_2022_in_Sindh.jpg?width=3000,CLEAR (NASA),Yes (as stated on source),High,8830x5792,"2022 Pakistan Floods - August 27, 2021 vs. August 27, 2022 in Sindh.jpg",NOT DOWNLOADED — Wikimedia blocked by this session's network policy
E51,2022,Major Floods & Rebuilding,2022_sindh_flooding_from_relief_flight_10sep2022.jpg,A — HERO,"Flooded plains of Sindh seen from a relief flight, 10 Sep 2022 — documentary, no people.",DVIDS 7409548,DVIDS 7409548,"SSgt Cassandra Johnson, U.S. Air Force (DVIDS 7409548)",2022-09-10,Public domain (US Government),No (credit recommended),see file,DOCUMENTARY PHOTOGRAPH,Hero image — full-bleed cinematic section,Already on disk from an earlier session (MEDIA/ASSETS/free); copied into this folder.,research/2022_floods,"FULL FILE (original resolution, from project MEDIA/ASSETS/free)",research/2022_floods/2022_sindh_flooding_from_relief_flight_10sep2022.jpg,,CLEAR,Yes (US Government work),High,,PD_DVIDS_7409548.jpg,INCLUDED IN ZIP (full file)
E51,2022,Major Floods & Rebuilding,2022_aerial_sindh_floods_sep2022.png,B — ARCHIVE,"Aerial, 3 Sep 2022 (CC BY 2.0).",Wikimedia Commons — original source: Flickr 52331043544,https://commons.wikimedia.org/wiki/File:Flood_in_Pakistan_2022.png,Ali Hyder Junejo,2022-09-03,CC BY 2.0,Yes,MEDIUM,DOCUMENTARY PHOTOGRAPH,Supporting archive image / source drawer,,research/2022_floods,"PREVIEW ONLY (low-res browser screen capture, ~190 px) — full-resolution file NOT included; open download_url or source_url to save it",research/2022_floods/previews/2022_aerial_sindh_floods_sep2022__PREVIEW_lowres.jpg,https://commons.wikimedia.org/wiki/Special:FilePath/Flood_in_Pakistan_2022.png,"CLEAR (CC BY 2.0, attribution required)","No — openly licensed, attribution required",High,1536x2048,Flood in Pakistan 2022.png,NOT DOWNLOADED — Wikimedia blocked by this session's network policy
E51,2022,Major Floods & Rebuilding,2022_copernicus_floods_aug2022.jpg,B — ARCHIVE,Copernicus Sentinel (attribution).,Wikimedia Commons — original source: ESA/Copernicus,https://commons.wikimedia.org/wiki/File:Devastating_floods_in_Pakistan.jpg,"European Union, Copernicus Sentinel-1",2022-08,Attribution (Copernicus),Yes,HIGH,SATELLITE IMAGERY (false colour),Supporting archive image / source drawer,Red-heavy false colour; use small or regrade.,research/2022_floods,"PREVIEW ONLY (low-res browser screen capture, ~190 px) — full-resolution file NOT included; open download_url or source_url to save it",research/2022_floods/previews/2022_copernicus_floods_aug2022__PREVIEW_lowres.jpg,https://commons.wikimedia.org/wiki/Special:FilePath/Devastating_floods_in_Pakistan.jpg?width=3000,CLEAR (credit: contains modified Copernicus Sentinel data 2022),Unclear,High,3999x2540,Devastating floods in Pakistan.jpg,NOT DOWNLOADED — Wikimedia blocked by this session's network policy
E51,2022,Major Floods & Rebuilding,2022_bamboo_homes_rebuilding.jpg,E — CONTEXT,Post-flood rebuilding initiative (CC0).,Wikimedia Commons — original source: Own work,https://commons.wikimedia.org/wiki/File:Mehraz_Low_Cost_Bamboo_Homes_Initiative.jpg,AslamKamal45,2023-11-01,CC0,No (credit recommended),MEDIUM,DOCUMENTARY PHOTOGRAPH,Context / secondary layer,,research/2022_floods,"PREVIEW ONLY (low-res browser screen capture, ~190 px) — full-resolution file NOT included; open download_url or source_url to save it",research/2022_floods/previews/2022_bamboo_homes_rebuilding__PREVIEW_lowres.jpg,https://commons.wikimedia.org/wiki/Special:FilePath/Mehraz_Low_Cost_Bamboo_Homes_Initiative.jpg,CLEAR (CC0),Yes (CC0 dedication),High,1080x1234,Mehraz Low Cost Bamboo Homes Initiative.jpg,NOT DOWNLOADED — Wikimedia blocked by this session's network policy
E51,2022,Major Floods & Rebuilding,2022_relief_cargo_loaded_9sep2022.jpg,E — CONTEXT,"Relief cargo loaded for Pakistan, 9 Sep 2022.",DVIDS 7414001,DVIDS 7414001,U.S. Air Force (DVIDS 7414001),2022-09-09,Public domain (US Government),No (credit recommended),see file,DOCUMENTARY PHOTOGRAPH,Context / secondary layer,Already on disk from an earlier session (MEDIA/ASSETS/free); copied into this folder.,research/2022_floods,"FULL FILE (original resolution, from project MEDIA/ASSETS/free)",research/2022_floods/2022_relief_cargo_loaded_9sep2022.jpg,,CLEAR,Yes (US Government work),High,,PD_DVIDS_7414001.jpg,INCLUDED IN ZIP (full file)
E52,2023,CPEC's First Decade,2023_gwadar_nasa_2022.jpg,A — HERO,"NASA, Nov 2022.",Wikimedia Commons — original source: NASA,https://commons.wikimedia.org/wiki/File:Gwadar_satellite_imagery.jpg,NASA,2022-11-17,Public domain,No (credit recommended),MEDIUM,SATELLITE IMAGERY,Hero image — full-bleed cinematic section,,research/2023_cpec_decade,"PREVIEW ONLY (low-res browser screen capture, ~190 px) — full-resolution file NOT included; open download_url or source_url to save it",research/2023_cpec_decade/previews/2023_gwadar_nasa_2022__PREVIEW_lowres.jpg,https://commons.wikimedia.org/wiki/Special:FilePath/Gwadar_satellite_imagery.jpg,CLEAR (US Government work),Yes (US federal government work),High,1619x1648,Gwadar satellite imagery.jpg,NOT DOWNLOADED — Wikimedia blocked by this session's network policy
E52,2023,CPEC's First Decade,2023_jhimpir_wind_farm.jpg,E — CONTEXT,Energy context (not CPEC-specific).,Wikimedia Commons — original source: Flickr,https://commons.wikimedia.org/wiki/File:Jhimpir_Wind_Farm_2012.jpg,Muzaffar Bukhari,2012-10-22,CC BY-SA 2.0,Yes,HIGH,DOCUMENTARY PHOTOGRAPH,Context / secondary layer,,research/2023_cpec_decade,"PREVIEW ONLY (low-res browser screen capture, ~190 px) — full-resolution file NOT included; open download_url or source_url to save it",research/2023_cpec_decade/previews/2023_jhimpir_wind_farm__PREVIEW_lowres.jpg,https://commons.wikimedia.org/wiki/Special:FilePath/Jhimpir_Wind_Farm_2012.jpg?width=3000,"CLEAR (CC BY-SA 2.0, attribution required)","No — openly licensed, attribution required",High,3696x2448,Jhimpir Wind Farm 2012.jpg,NOT DOWNLOADED — Wikimedia blocked by this session's network policy
E53,2024,Arshad Nadeem Wins Olympic Gold,2024_arshad_nadeem_paris_2024_podium.jpg,A — HERO,"Paris, 9 Aug 2024 (CC BY 4.0).",Wikimedia Commons — original source: Own work,https://commons.wikimedia.org/wiki/File:Athletics_at_the_2024_Summer_Olympics_%E2%80%93_Men%27s_javelin_throw_podium_-_06.jpg,Daieuxetdailleurs,2024-08-09,CC BY 4.0,Yes,HIGH,DOCUMENTARY PHOTOGRAPH,Hero image — full-bleed cinematic section,,research/2024_arshad_nadeem,"PREVIEW ONLY (low-res browser screen capture, ~190 px) — full-resolution file NOT included; open download_url or source_url to save it",research/2024_arshad_nadeem/previews/2024_arshad_nadeem_paris_2024_podium__PREVIEW_lowres.jpg,https://commons.wikimedia.org/wiki/Special:FilePath/Athletics_at_the_2024_Summer_Olympics_%E2%80%93_Men%27s_javelin_throw_podium_-_06.jpg,"CLEAR (CC BY 4.0, attribution required)","No — openly licensed, attribution required",High,1564x3102,Athletics at the 2024 Summer Olympics – Men's javelin throw podium - 06.jpg,NOT DOWNLOADED — Wikimedia blocked by this session's network policy
E53,2024,Arshad Nadeem Wins Olympic Gold,2024_arshad_nadeem_budapest_2023.jpg,B — ARCHIVE,GFDL — World Championships 2023.,Wikimedia Commons — original source: Erki Pictures,https://commons.wikimedia.org/wiki/File:Arshad_Nadeem_Budapest_2023.jpg,Erik van Leeuwen,2023-08-25,GFDL,Yes,LOW,DOCUMENTARY PHOTOGRAPH,Supporting archive image / source drawer,,research/2024_arshad_nadeem,"PREVIEW ONLY (low-res browser screen capture, ~190 px) — full-resolution file NOT included; open download_url or source_url to save it",research/2024_arshad_nadeem/previews/2024_arshad_nadeem_budapest_2023__PREVIEW_lowres.jpg,https://commons.wikimedia.org/wiki/Special:FilePath/Arshad_Nadeem_Budapest_2023.jpg,CLEAR (GFDL — include licence text; attribution 'Erik van Leeuwen'),"No — openly licensed, attribution required",High,1057x702,Arshad Nadeem Budapest 2023.jpg,NOT DOWNLOADED — Wikimedia blocked by this session's network policy
E53,2024,Arshad Nadeem Wins Olympic Gold,2024_arshad_nadeem_paris_2024_podium_b.jpg,B — ARCHIVE,,Wikimedia Commons — original source: Own work,https://commons.wikimedia.org/wiki/File:Athletics_at_the_2024_Summer_Olympics_%E2%80%93_Men%27s_javelin_throw_podium_-_05.jpg,Daieuxetdailleurs,2024-08-09,CC BY 4.0,Yes,HIGH,DOCUMENTARY PHOTOGRAPH,Supporting archive image / source drawer,,research/2024_arshad_nadeem,"PREVIEW ONLY (low-res browser screen capture, ~190 px) — full-resolution file NOT included; open download_url or source_url to save it",research/2024_arshad_nadeem/previews/2024_arshad_nadeem_paris_2024_podium_b__PREVIEW_lowres.jpg,https://commons.wikimedia.org/wiki/Special:FilePath/Athletics_at_the_2024_Summer_Olympics_%E2%80%93_Men%27s_javelin_throw_podium_-_05.jpg,"CLEAR (CC BY 4.0, attribution required)","No — openly licensed, attribution required",High,1334x2710,Athletics at the 2024 Summer Olympics – Men's javelin throw podium - 05.jpg,NOT DOWNLOADED — Wikimedia blocked by this session's network policy
E53,2024,Arshad Nadeem Wins Olympic Gold,2024_javelin_podium_2024.jpg,B — ARCHIVE,Full podium.,Wikimedia Commons — original source: Own work,https://commons.wikimedia.org/wiki/File:Athletics_at_the_2024_Summer_Olympics_%E2%80%93_Men%27s_javelin_throw_podium_-_08.jpg,Daieuxetdailleurs,2024-08-09,CC BY 4.0,Yes,MEDIUM,DOCUMENTARY PHOTOGRAPH,Supporting archive image / source drawer,,research/2024_arshad_nadeem,"PREVIEW ONLY (low-res browser screen capture, ~190 px) — full-resolution file NOT included; open download_url or source_url to save it",research/2024_arshad_nadeem/previews/2024_javelin_podium_2024__PREVIEW_lowres.jpg,https://commons.wikimedia.org/wiki/Special:FilePath/Athletics_at_the_2024_Summer_Olympics_%E2%80%93_Men%27s_javelin_throw_podium_-_08.jpg,"CLEAR (CC BY 4.0, attribution required)","No — openly licensed, attribution required",High,1356x1678,Athletics at the 2024 Summer Olympics – Men's javelin throw podium - 08.jpg,NOT DOWNLOADED — Wikimedia blocked by this session's network policy
E54,2024,New Gwadar International Airport,2024_gwadar_airport_under_construction.png,B — ARCHIVE,Dec 2022 (author unknown — VERIFY).,Wikimedia Commons — original source: not specific,https://commons.wikimedia.org/wiki/File:Gwadar_Airport_Underconstruction.png,Unknown ('Pakistani Government'),2022-12-20,CC BY-SA 4.0 (author unknown),Yes,LOW,DOCUMENTARY PHOTOGRAPH,Supporting archive image / source drawer,Author unknown; vague 'Pakistani Government' source.,research/2024_gwadar,"PREVIEW ONLY (low-res browser screen capture, ~190 px) — full-resolution file NOT included; open download_url or source_url to save it",research/2024_gwadar/previews/2024_gwadar_airport_under_construction__PREVIEW_lowres.jpg,https://commons.wikimedia.org/wiki/Special:FilePath/Gwadar_Airport_Underconstruction.png,VERIFY BEFORE PUBLIC USE,"No — openly licensed, attribution required",Low,1079x720,Gwadar Airport Underconstruction.png,NOT DOWNLOADED — Wikimedia blocked by this session's network policy
E55,2026,Pakistan's Iran–US Diplomatic Role,2026_islamabad_talks_venue_banners.jpg,A — HERO,"Mehr News Agency / Hamed Malekpour, April 2026 — talks venue with banners (watermarked).",Wikimedia Commons — original source: media.mehrnews.com 5983742,https://commons.wikimedia.org/wiki/File:Sidelines_of_Islamabad_Talks_21.jpg,Hamed Malekpour / Mehr News Agency,2026-04-11,CC BY 4.0,Yes,MEDIUM,DOCUMENTARY PHOTOGRAPH (news agency),Hero image — full-bleed cinematic section,,research/2026_iran_us_diplomacy,"PREVIEW ONLY (low-res browser screen capture, ~190 px) — full-resolution file NOT included; open download_url or source_url to save it",research/2026_iran_us_diplomacy/previews/2026_islamabad_talks_venue_banners__PREVIEW_lowres.jpg,https://commons.wikimedia.org/wiki/Special:FilePath/Sidelines_of_Islamabad_Talks_21.jpg,CLEAR (CC BY 4.0 — credit 'Hamed Malekpour / Mehr News Agency'; image carries a visible watermark),"No — openly licensed, attribution required",High,1280x853,Sidelines of Islamabad Talks 21.jpg,NOT DOWNLOADED — Wikimedia blocked by this session's network policy
E55,2026,Pakistan's Iran–US Diplomatic Role,2026_islamabad_talks_media_centre.jpg,B — ARCHIVE,Media centre.,Wikimedia Commons — original source: media.mehrnews.com 5983739,https://commons.wikimedia.org/wiki/File:Sidelines_of_Islamabad_Talks_19.jpg,Hamed Malekpour / Mehr News Agency,2026-04-11,CC BY 4.0,Yes,MEDIUM,DOCUMENTARY PHOTOGRAPH (news agency),Supporting archive image / source drawer,,research/2026_iran_us_diplomacy,"PREVIEW ONLY (low-res browser screen capture, ~190 px) — full-resolution file NOT included; open download_url or source_url to save it",research/2026_iran_us_diplomacy/previews/2026_islamabad_talks_media_centre__PREVIEW_lowres.jpg,https://commons.wikimedia.org/wiki/Special:FilePath/Sidelines_of_Islamabad_Talks_19.jpg,CLEAR (CC BY 4.0 — credit 'Hamed Malekpour / Mehr News Agency'; image carries a visible watermark),"No — openly licensed, attribution required",High,1280x853,Sidelines of Islamabad Talks 19.jpg,NOT DOWNLOADED — Wikimedia blocked by this session's network policy
E55,2026,Pakistan's Iran–US Diplomatic Role,2026_islamabad_talks_stage.jpg,B — ARCHIVE,"Press stage, April 2026.",Wikimedia Commons — original source: media.mehrnews.com 5983738,https://commons.wikimedia.org/wiki/File:Sidelines_of_Islamabad_Talks_18.jpg,Hamed Malekpour / Mehr News Agency,2026-04-11,CC BY 4.0,Yes,MEDIUM,DOCUMENTARY PHOTOGRAPH (news agency),Supporting archive image / source drawer,,research/2026_iran_us_diplomacy,"PREVIEW ONLY (low-res browser screen capture, ~190 px) — full-resolution file NOT included; open download_url or source_url to save it",research/2026_iran_us_diplomacy/previews/2026_islamabad_talks_stage__PREVIEW_lowres.jpg,https://commons.wikimedia.org/wiki/Special:FilePath/Sidelines_of_Islamabad_Talks_18.jpg,CLEAR (CC BY 4.0 — credit 'Hamed Malekpour / Mehr News Agency'; image carries a visible watermark),"No — openly licensed, attribution required",High,1280x853,Sidelines of Islamabad Talks 18.jpg,NOT DOWNLOADED — Wikimedia blocked by this session's network policy
E55,2026,Pakistan's Iran–US Diplomatic Role,2026_shehbaz_ghalibaf_islamabad_11apr2026.jpg,B — ARCHIVE,"PM Shehbaz Sharif meets Iranian speaker Ghalibaf, Islamabad, 11 Apr 2026.",Wikimedia Commons — original source: media.mehrnews.com 5983500,https://commons.wikimedia.org/wiki/File:Shehbaz_Sharif_met_with_the_head_of_the_Iranian_delegation_%22Minab_168%22_2.jpg,Hamed Malekpour / Mehr News Agency,2026-04-11,CC BY 4.0,Yes,MEDIUM,DOCUMENTARY PHOTOGRAPH (news agency),Supporting archive image / source drawer,,research/2026_iran_us_diplomacy,"PREVIEW ONLY (low-res browser screen capture, ~190 px) — full-resolution file NOT included; open download_url or source_url to save it",research/2026_iran_us_diplomacy/previews/2026_shehbaz_ghalibaf_islamabad_11apr2026__PREVIEW_lowres.jpg,https://commons.wikimedia.org/wiki/Special:FilePath/Shehbaz_Sharif_met_with_the_head_of_the_Iranian_delegation_%22Minab_168%22_2.jpg,CLEAR (CC BY 4.0 — credit 'Hamed Malekpour / Mehr News Agency'; image carries a visible watermark),"No — openly licensed, attribution required",High,1280x853,"Shehbaz Sharif met with the head of the Iranian delegation ""Minab 168"" 2.jpg",NOT DOWNLOADED — Wikimedia blocked by this session's network policy
E55,2026,Pakistan's Iran–US Diplomatic Role,2026_shehbaz_iran_delegation_11apr2026.jpg,B — ARCHIVE,Delegation meeting.,Wikimedia Commons — original source: media.mehrnews.com 5983508,https://commons.wikimedia.org/wiki/File:Shehbaz_Sharif_met_with_the_head_of_the_Iranian_delegation_%22Minab_168%22_1.jpg,Hamed Malekpour / Mehr News Agency,2026-04-11,CC BY 4.0,Yes,MEDIUM,DOCUMENTARY PHOTOGRAPH (news agency),Supporting archive image / source drawer,,research/2026_iran_us_diplomacy,"PREVIEW ONLY (low-res browser screen capture, ~190 px) — full-resolution file NOT included; open download_url or source_url to save it",research/2026_iran_us_diplomacy/previews/2026_shehbaz_iran_delegation_11apr2026__PREVIEW_lowres.jpg,https://commons.wikimedia.org/wiki/Special:FilePath/Shehbaz_Sharif_met_with_the_head_of_the_Iranian_delegation_%22Minab_168%22_1.jpg,CLEAR (CC BY 4.0 — credit 'Hamed Malekpour / Mehr News Agency'; image carries a visible watermark),"No — openly licensed, attribution required",High,1280x853,"Shehbaz Sharif met with the head of the Iranian delegation ""Minab 168"" 1.jpg",NOT DOWNLOADED — Wikimedia blocked by this session's network policy
E55,2026,Pakistan's Iran–US Diplomatic Role,2026_vance_shehbaz_munir_lucerne_jun2026.jpg,B — ARCHIVE,"US VP with PM Shehbaz Sharif & FM Asim Munir, 22 June 2026.",Wikimedia Commons — original source: x.com/VP/status/2069449654048076029,https://commons.wikimedia.org/wiki/File:Vice_President_Vance_at_the_Lake_Lucerne_Summit_in_Switzerland_%28HLgpfd2XIAA2HjB%29.jpg,Office of the Vice President (posted by @VP),2026-06-22,Public domain (US Government; VERIFY),Recommended,MEDIUM,DOCUMENTARY PHOTOGRAPH,Supporting archive image / source drawer,Posted by the official @VP account; US Government work status likely but confirm.,research/2026_iran_us_diplomacy,"PREVIEW ONLY (low-res browser screen capture, ~190 px) — full-resolution file NOT included; open download_url or source_url to save it",research/2026_iran_us_diplomacy/previews/2026_vance_shehbaz_munir_lucerne_jun2026__PREVIEW_lowres.jpg,https://commons.wikimedia.org/wiki/Special:FilePath/Vice_President_Vance_at_the_Lake_Lucerne_Summit_in_Switzerland_%28HLgpfd2XIAA2HjB%29.jpg,VERIFY BEFORE PUBLIC USE,Stated public domain on source page (verify where marked),High,2048x1365,Vice President Vance at the Lake Lucerne Summit in Switzerland (HLgpfd2XIAA2HjB).jpg,NOT DOWNLOADED — Wikimedia blocked by this session's network policy
E55,2026,Pakistan's Iran–US Diplomatic Role,2026_trump_signs_islamabad_mou_17jun2026.jpg,D — DOCUMENT,"White House, 17 June 2026.",Wikimedia Commons — original source: Flickr White House 55343114323,https://commons.wikimedia.org/wiki/File:Donald_Trump_signs_Islamabad_Memorandum_of_Understanding_%28P20260617DT-4957%29.jpg,The White House,2026-06-17,Public domain,No (credit recommended),HIGH,OFFICIAL PHOTOGRAPH (White House),Document panel (zoomable),,research/documents,"PREVIEW ONLY (low-res browser screen capture, ~190 px) — full-resolution file NOT included; open download_url or source_url to save it",research/documents/previews/2026_trump_signs_islamabad_mou_17jun2026__PREVIEW_lowres.jpg,https://commons.wikimedia.org/wiki/Special:FilePath/Donald_Trump_signs_Islamabad_Memorandum_of_Understanding_%28P20260617DT-4957%29.jpg,CLEAR (US Government work),Yes (US federal government work),High,3000x2000,Donald Trump signs Islamabad Memorandum of Understanding (P20260617DT-4957).jpg,NOT DOWNLOADED — Wikimedia blocked by this session's network policy
E55,2026,Pakistan's Iran–US Diplomatic Role,2026_islamabad_talks_banner_flag.jpg,E — CONTEXT,Banner and Pakistan flag.,Wikimedia Commons — original source: media.mehrnews.com 5983719,https://commons.wikimedia.org/wiki/File:Sidelines_of_Islamabad_Talks_4.jpg,Hamed Malekpour / Mehr News Agency,2026-04-11,CC BY 4.0,Yes,MEDIUM,DOCUMENTARY PHOTOGRAPH (news agency),Context / secondary layer,,research/2026_iran_us_diplomacy,"PREVIEW ONLY (low-res browser screen capture, ~190 px) — full-resolution file NOT included; open download_url or source_url to save it",research/2026_iran_us_diplomacy/previews/2026_islamabad_talks_banner_flag__PREVIEW_lowres.jpg,https://commons.wikimedia.org/wiki/Special:FilePath/Sidelines_of_Islamabad_Talks_4.jpg,CLEAR (CC BY 4.0 — credit 'Hamed Malekpour / Mehr News Agency'; image carries a visible watermark),"No — openly licensed, attribution required",High,1280x853,Sidelines of Islamabad Talks 4.jpg,NOT DOWNLOADED — Wikimedia blocked by this session's network policy
E55,2026,Pakistan's Iran–US Diplomatic Role,2026_islamabad_talks_banner_skyline.jpg,E — CONTEXT,Banner with Islamabad skyline.,Wikimedia Commons — original source: media.mehrnews.com 5983732,https://commons.wikimedia.org/wiki/File:Sidelines_of_Islamabad_Talks_13.jpg,Hamed Malekpour / Mehr News Agency,2026-04-11,CC BY 4.0,Yes,MEDIUM,DOCUMENTARY PHOTOGRAPH (news agency),Context / secondary layer,,research/2026_iran_us_diplomacy,"PREVIEW ONLY (low-res browser screen capture, ~190 px) — full-resolution file NOT included; open download_url or source_url to save it",research/2026_iran_us_diplomacy/previews/2026_islamabad_talks_banner_skyline__PREVIEW_lowres.jpg,https://commons.wikimedia.org/wiki/Special:FilePath/Sidelines_of_Islamabad_Talks_13.jpg,CLEAR (CC BY 4.0 — credit 'Hamed Malekpour / Mehr News Agency'; image carries a visible watermark),"No — openly licensed, attribution required",High,1280x853,Sidelines of Islamabad Talks 13.jpg,NOT DOWNLOADED — Wikimedia blocked by this session's network policy
E56,2026,The Next Chapter,2026_islamabad_panorama_margalla.jpg,A — HERO,2025 panorama (very wide).,Wikimedia Commons — original source: Own work,https://commons.wikimedia.org/wiki/File:Panoramic_View_of_Islamabad_Cityscape_from_Daman-e-Koh_Margalla_Hills.jpg,Zeeshanhkofficial,2025-08-31,CC BY-SA 4.0,Yes,HIGH,DOCUMENTARY PHOTOGRAPH,Hero image — full-bleed cinematic section,,research/future,"PREVIEW ONLY (low-res browser screen capture, ~190 px) — full-resolution file NOT included; open download_url or source_url to save it",research/future/previews/2026_islamabad_panorama_margalla__PREVIEW_lowres.jpg,https://commons.wikimedia.org/wiki/Special:FilePath/Panoramic_View_of_Islamabad_Cityscape_from_Daman-e-Koh_Margalla_Hills.jpg?width=6000,"CLEAR (CC BY-SA 4.0, attribution required)","No — openly licensed, attribution required",High,32523x2779,Panoramic View of Islamabad Cityscape from Daman-e-Koh Margalla Hills.jpg,NOT DOWNLOADED — Wikimedia blocked by this session's network policy
E56,2026,The Next Chapter,2026_icube_qamar.jpg,B — ARCHIVE,"Pakistan's lunar cubesat, 2024 (IST).",Wikimedia Commons — original source: IST Islamabad (X/Twitter),https://commons.wikimedia.org/wiki/File:ICUBE-QAMAR_1.jpg,Institute of Space Technology,2024-04,CC BY-SA 4.0,Yes,MEDIUM,DOCUMENTARY PHOTOGRAPH,Supporting archive image / source drawer,,research/future,"PREVIEW ONLY (low-res browser screen capture, ~190 px) — full-resolution file NOT included; open download_url or source_url to save it",research/future/previews/2026_icube_qamar__PREVIEW_lowres.jpg,https://commons.wikimedia.org/wiki/Special:FilePath/ICUBE-QAMAR_1.jpg,"CLEAR (CC BY-SA 4.0, attribution required)","No — openly licensed, attribution required",High,1920x1577,ICUBE-QAMAR 1.jpg,NOT DOWNLOADED — Wikimedia blocked by this session's network policy
E56,2026,The Next Chapter,2026_lahore_at_night_iss_sep2025.jpg,B — ARCHIVE,"Lahore at night from the ISS, 21 Sep 2025.",NASA ISS073-E-0763605,NASA ISS073-E-0763605,NASA,2025-09-21,Public domain (NASA),No (credit recommended),see file,SATELLITE / ORBITAL PHOTOGRAPH,Supporting archive image / source drawer,Already on disk from an earlier session (MEDIA/ASSETS/free); copied into this folder.,research/future,"FULL FILE (original resolution, from project MEDIA/ASSETS/free)",research/future/2026_lahore_at_night_iss_sep2025.jpg,,CLEAR,Yes (NASA),High,,NASA_iss073e0763605.jpg,INCLUDED IN ZIP (full file)
E56,2026,The Next Chapter,2026_qa_solar_park_bahawalpur.jpg,B — ARCHIVE,Quaid-e-Azam Solar Park.,Wikimedia Commons — original source: Own work,https://commons.wikimedia.org/wiki/File:Kazi_at_the_100MW_Solar_Power_Plant_Bahawalpur.jpg,Janejenkins,2015-02-03,CC BY-SA 4.0,Yes,HIGH,DOCUMENTARY PHOTOGRAPH,Supporting archive image / source drawer,,research/future,"PREVIEW ONLY (low-res browser screen capture, ~190 px) — full-resolution file NOT included; open download_url or source_url to save it",research/future/previews/2026_qa_solar_park_bahawalpur__PREVIEW_lowres.jpg,https://commons.wikimedia.org/wiki/Special:FilePath/Kazi_at_the_100MW_Solar_Power_Plant_Bahawalpur.jpg?width=3000,"CLEAR (CC BY-SA 4.0, attribution required)","No — openly licensed, attribution required",High,5204x1696,Kazi at the 100MW Solar Power Plant Bahawalpur.jpg,NOT DOWNLOADED — Wikimedia blocked by this session's network policy
E56,2026,The Next Chapter,2026_islamabad_skyline_rawal.jpg,E — CONTEXT,,Wikimedia Commons — original source: Own work,https://commons.wikimedia.org/wiki/File:Islamabad_skyline.jpg,Kamranmangrio,2016-02-12,CC BY-SA 4.0,Yes,LOW,DOCUMENTARY PHOTOGRAPH,Context / secondary layer,,research/future,"PREVIEW ONLY (low-res browser screen capture, ~190 px) — full-resolution file NOT included; open download_url or source_url to save it",research/future/previews/2026_islamabad_skyline_rawal__PREVIEW_lowres.jpg,https://commons.wikimedia.org/wiki/Special:FilePath/Islamabad_skyline.jpg,"CLEAR (CC BY-SA 4.0, attribution required)","No — openly licensed, attribution required",High,1016x545,Islamabad skyline.jpg,NOT DOWNLOADED — Wikimedia blocked by this session's network policy
E56,2026,The Next Chapter,2026_k2_karakoram_iss_2020.jpg,E — CONTEXT,"K2 and the Karakoram from the ISS, 2020.",NASA ISS063-E-32032,NASA ISS063-E-32032,NASA,2020,Public domain (NASA),No (credit recommended),see file,SATELLITE / ORBITAL PHOTOGRAPH,Context / secondary layer,Already on disk from an earlier session (MEDIA/ASSETS/free); copied into this folder.,research/future,"FULL FILE (original resolution, from project MEDIA/ASSETS/free)",research/future/2026_k2_karakoram_iss_2020.jpg,,CLEAR,Yes (NASA),High,,NASA_iss063e032032.jpg,INCLUDED IN ZIP (full file)
E56,2026,The Next Chapter,2026_lahore_at_night_iss_may2023.jpg,E — CONTEXT,"Lahore at night from the ISS, 10 May 2023.",NASA ISS069-E-9939,NASA ISS069-E-9939,NASA,2023-05-10,Public domain (NASA),No (credit recommended),see file,SATELLITE / ORBITAL PHOTOGRAPH,Context / secondary layer,Already on disk from an earlier session (MEDIA/ASSETS/free); copied into this folder.,research/future,"FULL FILE (original resolution, from project MEDIA/ASSETS/free)",research/future/2026_lahore_at_night_iss_may2023.jpg,,CLEAR,Yes (NASA),High,,NASA_iss069e009939.jpg,INCLUDED IN ZIP (full file)
E56,2026,The Next Chapter,2026_nust_lake.jpg,E — CONTEXT,University campus.,Wikimedia Commons — original source: Own work,https://commons.wikimedia.org/wiki/File:NUST_Lake%2C_Islamabad.jpg,Musab Saeed Siddiqui,2018-03-02,CC BY-SA 4.0,Yes,HIGH,DOCUMENTARY PHOTOGRAPH,Context / secondary layer,,research/future,"PREVIEW ONLY (low-res browser screen capture, ~190 px) — full-resolution file NOT included; open download_url or source_url to save it",research/future/previews/2026_nust_lake__PREVIEW_lowres.jpg,https://commons.wikimedia.org/wiki/Special:FilePath/NUST_Lake%2C_Islamabad.jpg?width=3000,"CLEAR (CC BY-SA 4.0, attribution required)","No — openly licensed, attribution required",High,28890x21668,"NUST Lake, Islamabad.jpg",NOT DOWNLOADED — Wikimedia blocked by this session's network policy
TEX,—,Archive textures,tex_old_paper_texture_02.jpg,G — TEXTURE,CC BY-SA 4.0 (Photoshop-made texture).,Wikimedia Commons — original source: Own work,https://commons.wikimedia.org/wiki/File:Oldpapertexture02.jpg,Smartscrutiny,2017-09-14,CC BY-SA 4.0,Yes,HIGH,TEXTURE (digitally made),Background texture only,,research/textures,"PREVIEW ONLY (low-res browser screen capture, ~190 px) — full-resolution file NOT included; open download_url or source_url to save it",research/textures/previews/tex_old_paper_texture_02__PREVIEW_lowres.jpg,https://commons.wikimedia.org/wiki/Special:FilePath/Oldpapertexture02.jpg?width=3000,"CLEAR (CC BY-SA 4.0, attribution required)","No — openly licensed, attribution required",High,3840x2169,Oldpapertexture02.jpg,NOT DOWNLOADED — Wikimedia blocked by this session's network policy
TEX,—,Archive textures,tex_vintage_paper_texture_puckett.jpg,G — TEXTURE,CC BY 2.0 — James Puckett.,Wikimedia Commons — original source: Flickr,https://commons.wikimedia.org/wiki/File:Vintage_Paper_Texture_%289789792113%29.jpg,James Puckett,2013-09-17,CC BY 2.0,Yes,HIGH,TEXTURE,Background texture only,,research/textures,"PREVIEW ONLY (low-res browser screen capture, ~190 px) — full-resolution file NOT included; open download_url or source_url to save it",research/textures/previews/tex_vintage_paper_texture_puckett__PREVIEW_lowres.jpg,https://commons.wikimedia.org/wiki/Special:FilePath/Vintage_Paper_Texture_%289789792113%29.jpg,"CLEAR (CC BY 2.0, attribution required)","No — openly licensed, attribution required",High,2194x2794,Vintage Paper Texture (9789792113).jpg,NOT DOWNLOADED — Wikimedia blocked by this session's network policy
"E36","1998","Chagai Nuclear Tests","1998_chagai_ras_koh_after_test_28may1998.jpg","A — HERO","Dust rises from the Ras Koh Hills, Chagai District, after the underground tests of 28 May 1998. Released by the Government of Pakistan; shows the test site, not an explosion.","Wikimedia Commons — Government of Pakistan release","https://en.wikipedia.org/wiki/File:Chagaiatomictests.jpg","Government of Pakistan","1998-05-28","CC BY 4.0 (as stated on Wikimedia Commons)","Yes","MEDIUM (710x442)","ORIGINAL HISTORICAL PHOTOGRAPH","Hero image for the Chagai tests","Licence as asserted by the Commons uploader (government release); confirm before wider publication.","research/1998_chagai","","","https://upload.wikimedia.org/wikipedia/commons/3/3f/Chagaiatomictests.jpg","LIKELY CLEAR (CC BY 4.0 as stated; government release)","","Medium","710x442","Chagaiatomictests.jpg","DOWNLOADED 5 Oct 2026"
